Temperature,Humidity,SquareFootage,Occupancy,HVACUsage,LightingUsage,RenewableEnergy,Holiday,EnergyConsumption,DayOfWeek_Monday,DayOfWeek_Saturday,DayOfWeek_Sunday,DayOfWeek_Thursday,DayOfWeek_Tuesday,DayOfWeek_Wednesday,Hour,Month
25.1394334377269,43.43158120480281,1565.6939992511177,5,1,0,2.774698791658742,0,75.36437339539214,1,0,0,0,0,0,0,1
27.731650520792968,54.225918580233085,1411.064918331917,1,1,1,21.831384152500608,0,83.40185495035139,0,1,0,0,0,0,1,1
28.704276857248125,58.907657743033184,1755.71500922237,2,0,0,6.76467168191291,0,78.27088774061066,0,0,1,0,0,0,2,1
20.080469485298178,50.3716371457499,1452.316318334375,1,0,1,8.623446893471096,0,56.51985048548002,0,0,0,0,0,1,3,1
23.09735925505204,51.40142134361278,1094.1303586981196,9,1,0,3.0719692157166323,0,70.81173246793318,0,0,0,0,0,0,4,1
29.576037393658908,36.82426323380886,1871.7091797360983,6,0,0,17.62668982389795,1,84.32188519433718,0,0,1,0,0,0,5,1
25.13116712267887,35.70962155267958,1607.0012284749637,6,1,0,24.26470232698351,1,76.16579090213895,0,0,0,0,0,0,6,1
23.182844248720983,31.67991978011051,1633.9553295431135,8,0,0,27.51709925003732,1,74.1319061773031,0,0,0,1,0,0,7,1
25.39199937425648,46.399364049557406,1240.309223721734,6,1,0,2.3075954692088576,0,78.20623587095885,0,0,1,0,0,0,8,1
22.2125494242776,32.41846388370173,1705.4203356236917,1,1,0,29.140070981014404,0,77.99221370196022,0,0,0,0,1,0,9,1
28.0648135792427,36.45147178564109,1341.467128540315,2,0,0,0.3522383966403897,1,82.27443448386548,1,0,0,0,0,0,10,1
23.422546256146845,30.527342157466457,1604.4183548074382,6,1,1,19.529548154656723,1,73.27866950427382,0,0,0,1,0,0,11,1
25.388888490671448,47.60101803425757,1244.6189139899486,1,1,0,21.79744359722318,1,84.14477565753458,0,0,0,0,1,0,12,1
20.058737855510586,41.861641594454376,1806.052631578324,2,0,0,6.384949152471242,1,60.0225185622203,0,0,0,0,0,0,13,1
26.731524781805252,37.29787044961106,1419.7490137965287,6,0,0,12.074223142216765,1,81.18318756246354,0,0,0,0,0,0,14,1
22.10024262178738,56.09917871988325,1144.8062949047298,8,0,1,10.900770033732996,0,74.081256288494,0,0,1,0,0,0,15,1
29.32557592878712,56.95417356701815,1620.861781135627,0,1,1,15.453999472973807,0,89.4982076601557,0,0,0,0,0,0,16,1
23.74244749481492,42.24584548342733,1413.595106864955,1,1,0,3.940678287777141,1,72.87244263642421,0,0,1,0,0,0,17,1
27.524189220859466,47.17242967942455,1832.1997785770343,9,1,0,19.68895830922032,0,83.8998965998896,0,0,0,1,0,0,18,1
27.63139001845522,36.14029374467184,1251.553720835332,4,1,1,8.848082816473534,1,82.07757940317406,0,0,0,0,0,1,19,1
28.7049945527175,59.931894786121376,1211.2618021121182,9,1,1,11.703977742489942,1,94.236287728335,0,0,0,0,0,0,20,1
21.10111178256601,30.41800645418693,1677.105260698892,3,0,0,14.51720370832993,1,59.672380432970826,0,0,1,0,0,0,21,1
23.00091980393784,43.63838293291814,1228.3223766902736,1,0,0,4.302844586055179,0,70.23522761734993,0,1,0,0,0,0,22,1
24.74905765950469,57.216848654263046,1253.708860396828,6,1,1,0.6603375462558703,0,78.39420777459377,0,0,0,0,1,0,23,1
26.729367191665855,46.19408776943607,1533.8875228293596,8,1,0,18.5810340057255,0,87.84164465666763,0,0,0,0,0,1,0,1
22.575924329206178,57.7495719227239,1040.2062146036978,8,0,1,8.906945509097325,1,72.92984426206768,0,0,0,0,1,0,1,1
27.011513197244877,52.637571884657305,1701.2553405115032,9,1,1,24.051355077458528,0,86.66909405376278,0,0,0,1,0,0,2,1
26.570000593742623,43.330311963375614,1126.0627981873615,7,0,1,2.9434034323461225,0,80.41142775984329,0,0,0,1,0,0,3,1
21.820077577118944,56.855188125958406,1289.616032810379,3,0,1,25.513774644213942,1,64.21209800102363,0,0,0,0,1,0,4,1
23.220629928291007,46.07387943210247,1649.5103531928776,2,0,1,18.270528189168942,0,74.16033755004982,0,0,0,0,1,0,5,1
28.875374569208283,31.803130453234026,1887.2017226982111,5,1,1,24.46883621156326,1,81.04958057295511,0,0,0,0,1,0,6,1
20.833491610497568,51.14700701801437,1096.7031280679794,1,1,0,21.865100350797228,0,70.30817192579988,0,1,0,0,0,0,7,1
27.46564120140408,34.9409910367269,1491.2879488851015,9,1,0,4.6457386056945404,0,82.28439185280472,0,0,0,1,0,0,8,1
20.623500489834765,50.14503354220139,1036.4623172912152,6,0,1,0.3722012648189066,0,59.847392688307885,0,1,0,0,0,0,9,1
27.31481126572729,42.93605505297437,1876.510298961869,4,1,0,1.1813311411593264,1,82.50403686398842,0,0,0,0,1,0,10,1
27.42511354993544,32.394788065588216,1155.2301001435485,9,1,0,8.166146956672918,1,82.78244589126273,1,0,0,0,0,0,11,1
24.07915813451661,54.09504887445641,1850.3220231803864,7,0,0,21.06081425541792,1,74.67411328167944,0,0,0,0,1,0,12,1
29.91382998898481,53.34075278909026,1924.1861207571112,0,1,0,25.84805422710293,0,86.88913818269737,0,0,0,1,0,0,13,1
24.52137298758392,42.27647348582312,1654.9299772328145,7,1,0,1.6471723322743026,1,78.54242641942929,0,1,0,0,0,0,14,1
21.89878543127921,48.63351462602176,1958.9635358554865,4,1,1,20.21773265658062,1,77.22845715853467,1,0,0,0,0,0,15,1
23.516264720993824,52.37155796010059,1517.168540999046,7,1,0,8.270639173483916,1,73.73515145603137,0,1,0,0,0,0,16,1
27.1481166642526,43.12086624044412,1296.5818068796584,8,1,0,16.99702392488144,1,91.84340824868656,0,1,0,0,0,0,17,1
23.574353632517656,52.85166419960819,1491.880064573067,2,0,0,24.46090952239937,0,73.35070513237227,0,0,0,1,0,0,18,1
20.51618553995076,40.918499706064985,1114.2301237129743,8,0,1,20.489097790934643,1,66.20209750906106,1,0,0,0,0,0,19,1
23.159190043519654,33.08814922387616,1183.4936058135677,6,0,1,15.654792218150218,1,77.85177634998958,0,0,0,0,0,0,20,1
29.98804611564981,51.19663001184678,1516.752703311117,2,1,0,16.10496033318202,0,90.98147610427824,1,0,0,0,0,0,21,1
22.87904856617314,30.35776228999121,1162.659354413115,7,1,1,13.390538929932507,1,81.91707933111346,1,0,0,0,0,0,22,1
24.617958714158057,49.04122554864104,1666.0436474922356,6,0,1,21.600154740134737,1,70.22461753933254,0,0,0,0,1,0,23,1
27.35268110983973,36.25924919238827,1024.9989858937445,6,0,1,22.17502218192356,0,88.73376918202806,0,1,0,0,0,0,0,1
29.4367895074536,48.84844941310104,1234.0853680866385,2,0,0,6.662874484173437,1,76.55502512631448,0,0,0,1,0,0,1,1
21.75402642665544,45.5386430923988,1514.8270370715445,4,0,0,9.846127121574138,0,62.05505493579667,0,0,0,0,1,0,2,1
22.124213759030667,47.34391565524731,1919.119996208746,6,0,0,5.352018638001322,0,62.00189386466329,0,0,0,0,0,0,3,1
21.32477612950562,33.61505670735282,1857.2683694193847,9,1,1,13.52386674371843,1,80.45212742101157,0,0,0,0,1,0,4,1
22.086811922474794,43.83891693254598,1325.6002039883774,5,0,0,12.274820353976573,0,64.71822006448231,1,0,0,0,0,0,5,1
29.95687944543529,56.78880560031188,1864.7323664037672,8,1,0,4.93873793676906,1,91.87196450897233,0,0,0,0,0,0,6,1
22.466458319173128,45.228409421067546,1902.8038240327676,6,0,1,0.5770304431135131,0,69.69226303092958,0,1,0,0,0,0,7,1
21.10053158610883,52.70577939457823,1896.816079175297,7,0,0,25.007682077563224,0,63.85097612559908,0,0,0,0,1,0,8,1
25.02320238265005,43.58649903471925,1434.5263111079676,1,0,0,2.1751376627840524,1,68.80528577996184,0,0,0,1,0,0,9,1
24.56121815223363,37.03931988895259,1689.4554548228862,3,0,0,21.331712339087563,1,76.30130928798148,0,0,0,1,0,0,10,1
27.34490228945882,33.68329828659663,1187.6137331373209,2,0,1,17.663953484228607,0,84.03868416047865,0,1,0,0,0,0,11,1
26.209435413222995,40.77160427979762,1038.6767198939715,1,0,0,14.779714452460691,0,77.67379217139589,1,0,0,0,0,0,12,1
26.210702266888138,42.084182961399954,1098.7993275437675,7,0,0,1.554091825506374,1,78.9122501589774,0,0,1,0,0,0,13,1
21.50172634196033,43.35331518509382,1546.5082455132003,9,0,0,20.75590320303998,1,64.04242487840129,0,0,0,0,1,0,14,1
25.38274545985014,51.90269994964382,1350.7565854072911,0,0,0,27.7480438663646,0,78.18728130362722,0,0,0,0,1,0,15,1
21.203472435117007,49.61036981078196,1529.6571154960998,7,0,1,17.187331454964607,0,63.39384819262403,0,0,0,0,1,0,16,1
21.530255220213963,42.01688338628461,1660.5352671428975,8,1,0,7.675986826636647,0,76.1061781008304,0,0,1,0,0,0,17,1
24.501785568140253,48.58331043267368,1631.6347139345492,9,0,0,24.696387867372568,1,60.14423797781192,1,0,0,0,0,0,18,1
24.29072347206709,36.98773403191924,1847.3956285621407,6,1,0,10.955154959932422,0,80.19264551142784,0,0,0,1,0,0,19,1
27.336620808382342,50.87667729455613,1143.1051769409855,7,1,1,27.622484462627945,1,86.22364506793032,0,0,0,0,0,1,20,1
20.735715500615072,48.506636238037885,1836.542651466284,4,0,1,9.295439071913757,0,53.26327834004948,0,0,0,0,0,0,21,1
22.787858297629416,43.9510486471958,1134.0026160549453,6,0,0,20.36258260903396,1,64.963183670906,1,0,0,0,0,0,22,1
21.652937745810068,56.13704538377151,1140.6015497610567,8,0,1,19.512862046045367,0,66.43892064888173,0,0,0,0,1,0,23,1
25.080881384605885,59.67153433028882,1897.7022242369349,8,0,0,14.391799747910376,0,75.91390632236421,0,0,0,0,0,0,0,1
25.792511525815144,33.892215875037266,1849.829581108728,7,1,0,25.875969475523284,1,84.1914674081221,0,0,0,0,0,1,1,1
26.38607928227496,43.295777618025824,1851.597741234608,5,1,0,17.471964829862657,1,75.25176382432235,0,0,1,0,0,0,2,1
22.140257043395216,49.42487793686675,1037.2068852025438,7,0,1,3.329907540458863,1,75.0144709786204,0,0,0,0,1,0,3,1
24.175776484229303,41.80015037049925,1198.62522424261,6,0,0,18.470624103976128,0,69.36574478049252,0,0,1,0,0,0,4,1
24.66814180599299,43.14091041789855,1310.8749121436545,0,0,1,22.936053481520812,1,78.04604233404717,0,1,0,0,0,0,5,1
20.8306921561722,52.19017625682678,1772.0857079256311,7,0,0,21.71119540606205,1,67.48478775030759,0,0,0,1,0,0,6,1
25.70272908051244,53.31665481703489,1050.3176022812484,8,1,0,26.817107779448893,0,78.25428789721424,0,0,1,0,0,0,7,1
22.28517562664769,40.65991340311216,1688.890826156082,4,1,1,19.455960671298747,0,74.84338094009375,0,0,0,0,1,0,8,1
20.357297197814656,52.95666984491464,1150.2851690246343,8,1,0,21.0683111197589,0,64.64191192860432,1,0,0,0,0,0,9,1
29.645292782200077,42.51360621060932,1417.5932587170862,7,1,1,7.756313432988929,0,89.08843429796624,0,0,0,0,0,0,10,1
20.746599465577813,39.363068123724446,1907.1675791196,0,1,1,11.895547620597808,0,73.15432864841176,1,0,0,0,0,0,11,1
27.304802408534588,48.59586683094426,1348.377743921042,7,0,1,2.0506823016824005,0,72.1170986136019,0,0,0,0,0,1,12,1
25.02629923610621,48.09543819655122,1711.6093599661583,7,1,1,0.0628265571446751,1,76.72156432900981,0,0,1,0,0,0,13,1
20.92610834786026,46.18534283672064,1619.5522508716913,7,0,1,16.788693093004923,1,65.97246106658439,0,1,0,0,0,0,14,1
25.239493543593387,43.07836640910352,1601.8132146884382,3,0,0,0.1949425875486288,1,61.53670969150112,0,0,0,1,0,0,15,1
24.342179614794837,47.40595643763173,1102.6056996132347,8,0,0,1.3163304862579015,1,77.38447783546265,0,0,0,0,0,0,16,1
25.480164067044672,55.32138505998299,1408.2789651901426,7,1,0,23.13402272938549,1,76.07661992033586,0,0,0,1,0,0,17,1
29.3500696830084,30.885380029218144,1045.036523776285,1,0,0,27.416817350951728,1,74.8678736943382,0,0,1,0,0,0,18,1
29.950503029569347,42.42525804881877,1679.773171668803,4,0,1,13.953181436568943,1,86.28935401350225,0,0,0,0,0,0,19,1
26.623180737805964,37.72919218018745,1361.2447810300714,6,0,0,27.20434275045516,0,83.87525695191415,0,0,1,0,0,0,20,1
23.54130272076084,34.5349059413692,1712.281768748431,8,0,0,29.27369740216594,1,83.45804939133072,0,0,0,0,0,1,21,1
24.391570140323367,53.03415959323223,1982.7838546992168,8,1,1,20.487670160811536,0,81.99682840223484,0,0,1,0,0,0,22,1
27.75515876532632,39.848106673676696,1355.3852202147957,8,1,0,6.843562851288679,1,86.64692164178189,0,0,0,0,0,1,23,1
26.286906188021035,40.70675768151472,1384.3252560857636,3,1,1,9.713536759245526,1,75.98238074965289,1,0,0,0,0,0,0,1
20.979909211456427,58.11562860796074,1179.4861922820678,9,0,0,8.577365909079408,0,70.71436235851863,0,0,0,0,0,0,1,1
26.515860600727823,58.65666760689435,1389.6982242952515,8,0,0,25.93440019060957,0,81.7455295095431,1,0,0,0,0,0,2,1
29.686160083513528,33.99960255410263,1419.4620608172213,5,1,1,11.944144266638828,1,85.18255250346287,0,0,1,0,0,0,3,1
22.36951967063015,54.38705918903003,1167.0982004816349,9,1,0,25.046346709338543,1,75.29040593436996,0,0,0,0,0,1,4,1
23.927237470201163,53.67575902279949,1193.2010252507732,9,1,1,6.517224119794784,0,85.18197378804605,0,0,0,1,0,0,5,1
20.826652146717024,39.19961425336057,1573.5114805655037,9,1,1,27.63778503586976,0,72.76703721222391,0,0,0,0,0,0,6,1
28.23550800460484,54.70047192364585,1419.6413134686445,5,0,1,21.38887253916912,0,81.81977544986103,1,0,0,0,0,0,7,1
22.89496303791875,54.115116406603335,1364.4710914438915,6,1,1,10.789183244331234,1,78.64588465860416,0,0,1,0,0,0,8,1
21.6399808241071,59.41123031214244,1258.09651534508,0,0,1,29.85772332971616,0,66.95161483968974,0,1,0,0,0,0,9,1
21.631350503011426,50.47608150964855,1888.7015821044,4,0,0,5.67298741622467,0,71.17906441062561,0,0,0,0,1,0,10,1
22.77963692771154,58.58018635300594,1226.3187266326547,1,0,0,25.21007390326529,0,63.861910204942966,1,0,0,0,0,0,11,1
20.070625228686637,54.008592805457226,1457.8643272330607,5,1,1,4.681821390806382,1,61.130942848363965,0,0,0,0,0,0,12,1
27.48755597657033,38.514506831605054,1130.0378302522874,2,0,1,8.811531070715622,1,79.72428614261031,0,0,0,0,1,0,13,1
28.53814894005697,49.96585219450951,1512.1380631149746,4,0,1,9.808761453648405,1,81.89398685671573,0,0,1,0,0,0,14,1
29.2570243244667,38.18426699137763,1293.9739795020191,1,0,1,21.16298503668752,0,85.36040306812063,0,1,0,0,0,0,15,1
23.02144911808179,47.87589415373565,1610.793389093792,8,1,0,28.05386821077091,1,77.77646909816677,0,0,0,0,0,1,16,1
24.741303614194493,38.02144715813855,1896.9408769455067,2,1,1,23.23288102375323,0,87.74800460069132,1,0,0,0,0,0,17,1
27.403154678696605,33.03160262596282,1237.3459923520145,5,0,0,14.199556858811023,1,72.3960115782119,0,0,1,0,0,0,18,1
26.506372227822904,56.16762904744485,1300.4430831373002,3,0,0,12.832198663444268,0,69.56901196476844,0,0,0,0,1,0,19,1
22.676177223684757,47.26094946562805,1038.2548224651764,6,0,0,20.96630382738889,1,73.2522162580531,0,0,0,0,1,0,20,1
23.89271280785603,49.395078840518686,1887.4370391731052,9,0,0,3.0707091217565265,1,75.81440197116459,0,0,0,0,1,0,21,1
29.052408789936464,39.08467957030161,1221.8467155573103,8,0,0,7.374000375157875,0,86.53486772687651,0,0,0,0,1,0,22,1
27.30842166642431,58.56743563116402,1239.6202801239697,8,0,1,22.210965173901517,1,81.19093782580337,1,0,0,0,0,0,23,1
20.76246135401603,30.50361681291639,1736.014902844016,4,1,0,8.830312238974479,0,76.93645309620132,0,0,0,0,0,1,0,1
22.06278270177169,57.56876666379654,1204.3719003385525,1,0,0,5.364319369730417,0,64.5953373760119,0,0,1,0,0,0,1,1
28.883183855816185,39.63866758953277,1600.051332782194,9,0,1,5.8711643019080615,0,81.1090189124048,0,1,0,0,0,0,2,1
24.12705094945204,47.96403459334165,1188.1040769652068,3,1,1,27.94493487517636,1,70.25774284987176,0,0,1,0,0,0,3,1
22.045109984787786,33.324257898503895,1735.080411205346,0,1,1,14.780811547512627,0,65.98142190071894,0,0,0,0,1,0,4,1
23.469313673719093,31.1850040594187,1842.9698334803172,4,1,1,4.066659492203416,1,76.19515389291618,0,0,0,1,0,0,5,1
24.121989217611294,36.22531924874789,1636.739575096052,1,0,0,11.777568179354464,1,72.16382017990225,0,0,0,1,0,0,6,1
27.55284508228243,34.53818230472783,1073.066165861618,3,0,0,17.600570713586695,0,74.11809532316923,1,0,0,0,0,0,7,1
21.33084051381747,36.94767020118629,1518.000607262546,2,1,0,9.506523032471629,0,73.92814359788368,0,1,0,0,0,0,8,1
28.54821118816656,34.65484006352291,1096.8574341241738,3,1,0,22.825421881860592,0,80.51166202577497,0,0,0,0,0,1,9,1
23.798081761570703,59.35728858868117,1138.3768161488222,2,0,1,24.216529182808586,0,68.56408772167514,0,0,0,0,0,0,10,1
24.76878004008374,46.22169249552975,1075.24160687709,4,0,1,17.881958206831754,0,71.4275936133967,0,0,0,0,0,0,11,1
21.301536970709083,52.101508633912886,1924.9997939403704,0,1,0,24.40168326322818,0,64.0769676381083,0,0,0,1,0,0,12,1
22.72197376460728,35.89964365502057,1229.5579899535535,1,0,1,7.759617922072195,0,57.48444204410177,0,0,0,0,1,0,13,1
29.458379717387388,56.40345028566804,1724.596154301106,9,0,0,1.3999899323588116,0,82.59776720138095,0,0,0,0,0,1,14,1
24.74355526681912,43.279525236359945,1252.710601519103,2,0,0,26.163305513971967,1,77.51805130415416,0,0,0,1,0,0,15,1
21.52426617309369,33.25524914434561,1381.696147726456,7,0,0,11.54903845770297,0,71.01713960978869,0,0,0,0,1,0,16,1
25.521470351732276,48.27578381746096,1300.7040976874428,0,0,0,10.146022908205572,1,64.69791035517181,0,1,0,0,0,0,17,1
26.20669205199192,46.43151994704209,1659.1480964987,9,1,0,10.593930470183643,0,76.30888108689255,1,0,0,0,0,0,18,1
28.49026590088053,44.50404118903296,1844.7772007556212,0,0,1,29.35010468425103,1,80.0038474890762,0,0,0,0,0,0,19,1
24.285688244951665,39.68855486724439,1194.8779926397324,3,0,0,23.38926667709245,1,72.10407562222572,0,0,0,0,0,0,20,1
29.580869515395115,45.41719161087126,1400.05846191636,6,1,0,28.04939870613846,1,93.78946764246312,0,0,0,1,0,0,21,1
21.95690400025256,45.7831224913396,1520.1424966650534,7,1,1,28.462480938915768,0,78.13896312348292,0,0,0,0,0,1,22,1
25.16589293988249,39.60412761994733,1520.136081504815,3,1,1,2.933334153619441,0,87.32448956439137,0,0,0,0,0,1,23,1
24.01594208770407,47.94053553498296,1568.2833403281447,3,0,0,14.99383660057842,1,74.17904403679803,0,0,1,0,0,0,0,1
22.788163745855844,34.07807563816202,1710.94924654669,0,0,1,17.946251136870536,0,69.91514117978062,0,0,0,1,0,0,1,1
26.040894955045736,47.538231978862726,1494.2672203558873,8,1,1,11.35995327760961,1,91.59435479545417,0,0,0,1,0,0,2,1
20.796724169393286,34.411356370926754,1294.459690635765,5,0,0,26.34952407916873,1,76.13895450681913,0,0,0,1,0,0,3,1
24.951479078272804,35.683034671331846,1607.748928093796,9,1,1,19.996572878842997,0,70.97691337938971,1,0,0,0,0,0,4,1
24.74071985508593,46.133899775987565,1528.481675896865,4,1,1,26.28441195838419,0,79.4339400188436,1,0,0,0,0,0,5,1
27.35805437126441,36.16290662042438,1054.1714429296296,3,0,1,27.755802895835703,0,77.65217034892018,0,0,0,0,1,0,6,1
22.93456303023421,34.016836004984576,1081.9823539263905,3,1,1,9.55963797370189,1,74.11609389205148,0,0,0,1,0,0,7,1
22.170888734920588,41.10062846608015,1336.849287109329,4,0,1,18.726304845005934,0,67.63764065291417,0,0,0,0,0,0,8,1
22.05580615441809,47.31027361626275,1314.007738288631,6,1,1,29.55972039273647,1,72.59022722499552,0,0,0,0,0,1,9,1
29.82050357558108,37.03244970007737,1657.764637267109,6,0,1,28.835620555354684,0,85.12072843207085,0,0,1,0,0,0,10,1
24.52923700528654,39.48944934390285,1587.9297676463725,0,1,0,15.923690864342898,0,76.92758507734762,0,0,0,0,0,1,11,1
29.58684969243783,53.87531481251021,1604.5142154813898,1,1,0,25.67681807111177,1,82.96293306052968,0,0,0,0,0,0,12,1
28.961065597258337,43.88354637574899,1686.8397802470236,0,1,1,6.322472386123138,1,77.22008603312915,0,0,0,0,0,0,13,1
24.409070367689715,43.31585056823559,1311.4164767091163,3,0,0,20.391466373552067,0,71.13106167742689,0,0,1,0,0,0,14,1
24.09961989407236,45.08272117889668,1748.2362667815878,2,0,1,27.23745792411095,0,69.27222198435854,0,1,0,0,0,0,15,1
26.609641720351465,59.72756652655453,1796.4192861405195,7,0,1,13.965052720209618,0,82.23684827593902,0,0,1,0,0,0,16,1
29.33981338353756,46.06150305882551,1774.894356386773,5,1,0,15.410563182571796,1,83.33161598574218,0,1,0,0,0,0,17,1
28.045369751086035,39.32440919441908,1120.3265035392749,3,1,0,21.23633845733195,1,95.0709621683288,0,0,0,1,0,0,18,1
24.74475302503648,30.16745157755969,1866.0889864799235,0,1,1,8.620037739243363,0,79.80025010450828,0,0,0,0,0,1,19,1
24.939436141326404,40.48957381280836,1536.626802627764,4,1,0,11.4861751413587,0,78.73050081593509,0,0,0,0,1,0,20,1
22.553950124150788,41.04818250308767,1317.1613295680822,1,1,1,15.189540736366672,1,85.42767734648194,1,0,0,0,0,0,21,1
26.07494158212376,35.517320879415294,1531.8853160440765,6,0,1,6.3192005989780125,0,84.03168982758035,0,0,0,1,0,0,22,1
20.632690730111605,50.95243488485451,1004.4065498330264,5,1,1,26.35900959005416,0,72.89058361910637,0,0,0,0,1,0,23,1
25.71473453511247,42.29866536535226,1999.204208464013,1,1,1,29.565863391343647,0,75.6149818889058,0,1,0,0,0,0,0,1
20.91479245484502,31.71009383031899,1486.7808684517167,5,0,1,4.306860347577192,0,71.7896472154404,0,0,0,0,0,0,1,1
25.20534149358047,48.64990087503028,1533.2081723832955,3,0,0,4.054742652650206,0,63.00815765839373,0,0,0,0,0,1,2,1
25.976524064860275,38.48415291778864,1595.4276931480083,4,1,1,16.2052043443528,0,94.55062457295648,0,0,0,0,1,0,3,1
27.72641369132929,53.33917901612849,1751.7226232599996,2,1,0,21.64735838249789,1,83.5768305363592,0,0,0,0,0,1,4,1
25.25112028155413,33.634974769812565,1822.8779327096152,4,1,1,4.462679924559346,1,84.69317340818874,1,0,0,0,0,0,5,1
26.39275137551011,52.9465256954574,1387.1175740254912,2,0,0,4.670368819612766,0,78.58613842129708,0,0,1,0,0,0,6,1
25.403668920903502,38.21610476774064,1739.9318744254724,2,1,0,29.118920042199758,0,75.64668454750125,0,0,0,0,1,0,7,1
22.65582435237804,54.16381828595459,1086.4759569750108,7,0,1,8.77976319994638,1,73.2068674222959,0,0,0,0,0,1,8,1
23.10978491736091,53.8319018791167,1483.8715001969092,1,1,0,28.162491048784744,0,74.33393532360886,0,0,0,0,1,0,9,1
24.43071127958496,37.29842102013082,1423.2985933354885,9,1,1,19.145163006646165,1,81.30053662729328,1,0,0,0,0,0,10,1
23.768468456818773,49.08568112892719,1312.446456611222,7,1,0,16.753370198956954,0,78.22920748795471,0,0,0,1,0,0,11,1
25.673183798344112,55.43730017771927,1353.5196976926484,0,0,0,14.255247441241766,0,75.41031586036098,0,1,0,0,0,0,12,1
24.12875170299725,56.93177700607938,1666.7137127092624,3,1,1,24.83746926974548,0,71.18623045897634,0,0,1,0,0,0,13,1
29.53401925351112,35.29794526902682,1949.3384776642547,2,0,1,9.666940422574488,1,92.8609254933263,0,0,0,0,1,0,14,1
25.96679015594368,38.733821285228224,1616.5585118018594,7,1,1,27.38824466728665,0,82.10276684430163,0,0,0,1,0,0,15,1
24.74086027042263,45.39176155603927,1685.6746590412488,4,1,1,16.573861066473718,1,78.28652837883581,0,0,0,0,0,0,16,1
29.954995385290918,55.09653944204392,1107.2029804321808,5,0,0,26.99403988634975,0,86.08746919457022,0,0,0,0,0,0,17,1
22.25393776775444,39.75479364053831,1899.08752553056,7,1,0,26.92693129299685,1,74.57680497677092,0,1,0,0,0,0,18,1
24.54321847580241,31.32913857960157,1556.6591447905705,9,1,1,9.653999290542265,1,90.53846528743108,0,0,0,1,0,0,19,1
24.341976608271324,43.53846921199087,1332.2874186119748,3,1,0,24.952276053985926,1,76.76832119015009,0,0,1,0,0,0,20,1
27.605576132408025,58.522580321681176,1573.324025870755,8,0,1,10.052394317103076,0,86.41515216046992,1,0,0,0,0,0,21,1
25.71536181264341,57.644341784000936,1623.7826773041693,5,1,1,26.939577391668514,0,76.19438265142527,1,0,0,0,0,0,22,1
26.88056181693612,51.62348564090799,1118.1674861956114,4,0,1,16.40120436925499,0,76.9339196411834,0,0,0,0,1,0,23,1
24.119764413264544,41.2256141576802,1291.1083800681697,0,0,1,1.887773804376244,1,71.05504380693068,0,0,0,1,0,0,0,1
22.17423028089874,37.664926653084585,1566.1811448102976,9,0,1,15.488634141415256,1,77.39615132557863,0,0,0,0,0,0,1,1
21.468667460901354,34.52321016487253,1666.9390640478302,8,0,1,28.99059534152058,0,70.65426607453617,0,0,1,0,0,0,2,1
22.547048748379524,46.11825116613712,1722.155626137732,3,1,0,17.526641790456683,0,67.80754950018792,0,0,0,0,0,1,3,1
23.95915995688079,31.208977419142425,1730.5310895304603,2,1,1,2.142625933583735,1,72.0717496237688,0,0,0,0,1,0,4,1
20.684440013800035,38.48799934378332,1284.5311450403722,0,1,0,13.510404676859723,1,59.60890188505656,0,0,0,1,0,0,5,1
28.000336390112764,57.80399002713988,1291.7759539679073,7,1,1,5.304088924379312,1,90.01159284299351,0,0,0,1,0,0,6,1
20.68728253080148,34.002304053585355,1801.9601834503444,6,1,0,2.4631038271878825,0,73.37704700964338,0,0,0,0,0,0,7,1
20.3729554435034,49.62542404756125,1426.729099685438,4,0,0,6.6778006021143375,1,70.97874709212677,0,1,0,0,0,0,8,1
21.992942809454743,46.86319508507337,1559.1884565676196,3,1,1,14.646472740867877,0,74.3795743154023,0,0,0,0,0,0,9,1
22.222802352583667,50.01013663255847,1314.5127603969,7,0,1,0.6575869823376901,0,67.64237008316105,0,0,0,1,0,0,10,1
22.646559515360728,31.241662765634143,1365.621979533984,0,0,1,22.636324752620208,1,71.53539589665067,0,0,0,0,0,0,11,1
20.14509495003621,54.14669940289325,1021.604251765224,6,0,0,20.02054349274434,1,65.28898283111768,0,0,0,1,0,0,12,1
23.852435159678947,34.38852564842371,1829.1570542530017,1,0,1,1.066889835272945,0,72.43112712908069,0,0,0,0,0,0,13,1
26.82715303111651,52.87742397945871,1262.6298727324445,3,0,0,24.092048894174027,0,75.68903567876515,0,0,0,0,1,0,14,1
20.98349283293633,54.436805662529,1360.452426406476,0,1,0,20.944537235057737,0,71.77872060518372,0,0,0,1,0,0,15,1
26.94394100605918,31.95760009430581,1846.2665671519612,0,1,1,0.0684567428635662,0,80.04392593841625,0,1,0,0,0,0,16,1
20.918701288551315,35.61912354876615,1541.747142132121,8,0,1,1.5465923690176877,1,75.3694376988319,0,0,0,0,0,0,17,1
28.79848358113788,37.71604786793632,1091.8352610376628,7,1,1,0.2983334028802709,1,86.55059850127053,0,0,0,0,0,1,18,1
24.480359303565752,56.39299101425004,1184.7011070061412,7,0,1,5.728590972409617,0,71.93814969843436,0,0,0,0,0,0,19,1
25.643102418817787,51.83971390010837,1196.7616728314845,5,1,0,14.017385026321564,1,87.13708266107015,0,0,0,0,1,0,20,1
24.217179754081734,53.537760856682624,1319.8096525171284,6,1,0,26.676689670730397,1,73.58696136798733,0,0,0,0,0,0,21,1
28.0306567877647,30.400534189937023,1185.7144181293863,2,1,1,13.43734792471181,0,90.72509867918768,0,0,0,0,1,0,22,1
23.36563319750552,52.01581684304281,1582.2214315214576,5,1,1,18.349740426275293,0,72.9962814909488,0,0,1,0,0,0,23,1
23.26041504798717,50.94770948699049,1326.2245678325598,5,0,0,28.83875614947569,0,85.68075277503624,0,0,0,1,0,0,0,1
21.14941244491787,51.286700376933794,1979.9327493232413,8,0,1,16.444138046110876,0,69.30518444855907,0,1,0,0,0,0,1,1
28.177566231815558,41.06552862909508,1406.1936180732778,0,1,0,6.408111896203823,1,73.99983940485824,0,0,0,0,1,0,2,1
21.00449301006466,32.803719694818064,1188.5065754058612,4,1,0,0.3417810546037425,0,70.28576213853393,1,0,0,0,0,0,3,1
20.957066151123065,54.45741560735707,1801.3606110591336,6,1,0,20.881790658921297,0,75.17636554806667,1,0,0,0,0,0,4,1
26.970114943272577,46.54399813709438,1740.2115580379896,6,1,1,2.140057381957993,1,86.71559756482247,0,0,0,0,0,0,5,1
29.38485262640809,49.77790579108418,1950.0403523466268,8,0,0,24.159661239908704,1,90.45215551215163,1,0,0,0,0,0,6,1
20.98606705236942,59.66964946734221,1764.5174422999548,2,1,0,8.495498820113351,0,64.36966291489324,0,0,0,0,0,1,7,1
22.93476988718991,50.516576283321065,1284.5983249577748,7,0,0,24.08005224392808,1,68.35678498918013,0,0,0,0,0,0,8,1
21.301844403765184,43.89441180114769,1157.2400578055915,2,1,0,21.226246236677564,1,70.38082621458054,0,1,0,0,0,0,9,1
23.976741866578703,53.50082640678552,1280.723493621501,4,0,1,7.347493560519338,1,77.70804435496895,0,0,0,0,0,0,10,1
25.680589088901204,52.69300848098683,1665.067602940079,3,0,0,12.682597262372123,0,68.52149457374996,1,0,0,0,0,0,11,1
28.298294847142657,45.34493089547412,1908.7882636690144,0,0,0,11.433880464614615,0,77.87769146042558,0,0,0,0,0,0,12,1
24.284339182945683,50.42035656394303,1016.575489102942,2,1,1,1.743926333427569,1,77.73573441216783,0,0,0,0,0,0,13,1
27.7663428756868,58.50555770627237,1341.8115846534404,1,0,1,21.061106246917827,1,83.24548578666972,0,1,0,0,0,0,14,1
23.973212464134896,46.83211679360677,1698.0413151788805,8,1,1,0.0066421051905973,1,80.3018182837614,0,0,0,0,1,0,15,1
24.69385892988708,39.95088081493628,1873.0146496709683,3,0,0,10.97602138289583,1,76.11191730004793,0,0,0,0,0,1,16,1
24.524151838744043,59.47546094692544,1601.794427710037,2,0,0,20.456238319956324,0,64.04576014798012,0,0,0,0,0,1,17,1
22.34272771689294,35.84058972075334,1317.5415391844942,7,1,0,29.36612555299477,1,77.01609483925165,0,0,0,0,0,0,18,1
23.18850676880722,58.8711176120796,1880.0331106789029,5,1,0,9.79157509042833,0,78.73329793345887,0,0,0,0,0,1,19,1
29.7204906696094,32.423675734433985,1836.4250579001405,5,0,1,5.494192274123105,1,87.44225579139471,0,0,0,1,0,0,20,1
20.865100550535335,52.23935393439356,1765.921208488337,4,1,1,0.0875029848696418,0,72.43118969395067,0,0,0,0,1,0,21,1
26.320865441272908,30.717544520178016,1288.2591827715416,5,0,0,7.871969156288228,0,76.7162449831054,1,0,0,0,0,0,22,1
21.42544509540756,51.56712435991172,1693.3549077795708,3,1,0,14.943250211404967,0,67.80696760106643,0,0,0,0,0,0,23,1
25.10085138929034,36.13765007459537,1816.9609583847516,3,1,0,15.272195456978736,0,74.66520658582795,0,0,0,1,0,0,0,1
21.926454263540705,44.60597383641913,1135.054164941908,5,1,1,4.858260889383498,0,77.02412225998496,0,0,0,0,1,0,1,1
20.251569643455724,54.34084196164112,1474.9972444248765,0,0,0,9.870605600330952,0,57.90048341076686,0,0,1,0,0,0,2,1
25.12261404419632,31.3232157551016,1101.8625409853607,9,0,0,14.987521324538864,0,73.95195603161895,0,0,0,1,0,0,3,1
24.444099741792108,44.29228905504191,1706.9110683725337,2,0,0,7.42218110952772,0,77.15892668556708,0,0,0,1,0,0,4,1
26.718121775724832,48.10132014519204,1115.9258770327267,7,1,0,25.137302733236638,0,93.00944697108928,0,0,0,0,1,0,5,1
22.46536270315424,43.03348623944858,1514.3084227814595,9,0,1,16.659415475802955,0,80.36211598533166,1,0,0,0,0,0,6,1
29.65988407880897,34.04228576725174,1568.1926339771755,4,1,0,24.6462462796545,1,92.52121146546573,0,0,0,0,0,0,7,1
24.293021662036573,32.05925208438267,1953.958265381032,3,1,1,0.2688756353115595,0,72.66316703041736,0,0,0,0,0,1,8,1
26.527038227583592,45.75926968525437,1208.2781179448011,8,0,1,12.062213437439992,0,78.20231068064139,0,0,0,0,0,0,9,1
26.904066498378786,30.249199892580148,1062.2124100945002,4,1,0,9.694658634187906,0,90.49170426163876,0,0,0,1,0,0,10,1
29.490471834601998,34.62720152445394,1232.0894046031372,5,0,0,4.543835829906197,1,76.68183997746894,0,0,0,0,0,1,11,1
26.703875046532723,38.37927804200449,1422.8399067703267,2,1,1,27.41540256954928,1,81.51851629194611,0,0,1,0,0,0,12,1
21.829342107877448,42.41534004825917,1874.412764821,1,0,1,20.158499323831904,1,67.31542829520717,0,0,0,0,0,0,13,1
26.502391544119632,53.38212898002397,1079.8116460659808,8,0,1,1.610798161037552,0,79.4966013466813,0,0,0,1,0,0,14,1
28.12697349748423,46.25417393116968,1351.9103661587762,7,1,1,9.621473405022783,1,86.44733860392547,0,0,1,0,0,0,15,1
28.40625304472844,50.725261835161135,1439.869567774626,5,1,1,3.955794406701688,1,93.6948065961692,1,0,0,0,0,0,16,1
24.64643325300053,51.58216767060254,1491.1003755402407,3,1,0,4.891749959899164,0,79.48953462894329,0,0,0,0,0,0,17,1
26.6936445616103,56.49109548662618,1765.4303015054015,8,1,0,9.45555688112579,1,71.90487922337948,0,0,0,0,0,0,18,1
29.211094917959663,36.39495470853778,1977.218510388948,0,0,0,15.397317181268305,0,77.41385903979514,0,0,0,1,0,0,19,1
24.9502464845913,48.104406870840776,1513.0721280168027,0,0,1,23.679664769541585,0,68.46853359640598,1,0,0,0,0,0,20,1
24.603616046900527,47.17522363749963,1280.2391590246698,6,0,0,15.122463002038,1,72.99317043236167,1,0,0,0,0,0,21,1
29.591930852745843,57.25634010944211,1042.072049391753,0,0,0,14.328040460972243,1,83.22600601472266,0,1,0,0,0,0,22,1
29.876548794672736,39.6992426219548,1181.7465160527408,1,1,0,13.21165082502026,0,80.43141463610559,0,0,1,0,0,0,23,1
29.446483884084817,45.99409146652663,1702.1567646103554,9,0,0,6.392152775981195,1,81.66465477661896,0,0,0,0,0,1,0,1
29.599437093757142,50.61874930817616,1006.2253670153716,5,1,1,0.8899838886035216,1,91.90838131284832,0,0,0,0,1,0,1,1
22.55482900038605,47.79164857096558,1130.0024035495549,2,1,0,2.1819075456304224,1,65.67603413159378,0,0,0,0,1,0,2,1
26.148008677161226,30.738404139032863,1468.417536241663,5,1,0,23.69130794392009,1,76.23584839186987,0,1,0,0,0,0,3,1
24.929424795657468,36.42623783866016,1341.9076445289347,8,1,1,11.487227064990044,1,81.5468009875772,0,0,0,0,1,0,4,1
24.797543324434216,44.30745724848551,1887.09463630995,8,0,1,6.746035149309819,0,83.75995734706586,0,0,1,0,0,0,5,1
23.34986439475433,33.098463609546144,1721.5212775764726,3,1,1,5.524544063485781,1,76.6397294517093,0,0,0,0,0,1,6,1
24.600721682231296,43.6462271467237,1854.877725297601,7,0,1,16.99570717177904,1,73.62997122390698,0,0,1,0,0,0,7,1
25.00628702306405,38.08050133248584,1766.627015968677,3,1,0,17.590872438887153,1,86.84928585114606,0,0,0,0,0,1,8,1
20.703181335499156,41.90536534949858,1494.202547841193,4,1,1,27.689632129191825,1,66.84867535430931,0,0,0,0,0,0,9,1
23.474394293232304,39.7622402471051,1602.6431876040556,8,0,1,13.960286532169702,1,73.05780673555262,0,0,1,0,0,0,10,1
22.85977794951259,37.401125537824,1508.016302344838,1,0,0,7.000285570271645,0,74.1265371474243,0,0,1,0,0,0,11,1
23.67904809163135,34.90069735554752,1148.5566040017493,2,1,1,20.450404726752797,1,79.93849946694492,0,1,0,0,0,0,12,1
28.3183887612512,40.43914066705551,1171.7321248857854,1,0,0,25.900730335369506,0,78.63688457616405,0,0,0,0,0,1,13,1
25.30446488587485,48.43951185783536,1886.218328445591,1,1,0,5.689415414180454,0,65.44542801992745,0,0,0,0,0,1,14,1
22.092089696606205,50.56506500756257,1946.4815327790247,7,0,1,20.756314399031403,0,74.71188395531024,0,0,0,0,0,0,15,1
22.74014526638077,45.29156764529621,1278.9060878201642,7,1,1,28.701184192216456,1,71.56881316922764,0,0,0,0,0,0,16,1
29.248672781725872,48.0876757991133,1025.0398672448712,4,1,0,25.6833137485201,1,91.4909822926206,0,0,0,1,0,0,17,1
21.43070683050125,47.486882868339165,1481.148287136792,3,1,0,19.351659623893525,1,66.97225233849409,0,0,0,0,0,0,18,1
23.77869184160053,52.77726685814801,1867.1676640569187,1,0,0,6.5508390965453644,0,75.67917130358867,0,0,0,0,1,0,19,1
24.73198341016048,36.34139879582994,1669.0673140921017,3,0,1,2.741609338713637,0,66.82945799702419,0,0,1,0,0,0,20,1
25.59778919087317,36.56132746258961,1473.0986869096605,2,1,1,7.205338690152643,1,86.7796195617193,0,1,0,0,0,0,21,1
29.743729598527917,34.16691651096019,1249.7939869635893,7,0,1,7.745269764887221,0,83.34114367658678,0,0,0,0,0,0,22,1
24.223266328419538,49.20816170789944,1228.2969234585253,2,0,1,0.2514752011620025,0,66.15000122161268,0,1,0,0,0,0,23,1
23.32462540281946,36.3547755700819,1241.3833610729462,0,0,0,17.02774375554678,0,66.17761964929294,0,0,0,0,0,1,0,1
28.303891886436556,46.03217441036166,1085.150030095343,3,1,1,15.784205729515287,1,94.17851811048914,0,0,1,0,0,0,1,1
29.625555535081773,39.95413532566071,1498.3211139128782,7,1,0,9.111346399611028,1,89.63251802091851,0,1,0,0,0,0,2,1
20.61257094488445,49.69353548623387,1991.557953540236,7,1,1,22.236551219035047,0,71.85136903241968,0,0,0,0,1,0,3,1
29.9276764526212,54.17914066196567,1182.7094599349698,1,1,0,13.395787732756643,0,85.92555320264866,0,0,0,0,0,0,4,1
27.32678191730368,51.07481120810857,1920.44077996975,0,0,1,0.7025888437679417,1,72.64321480838069,0,0,0,1,0,0,5,1
21.841436693394616,57.52847927303965,1214.5755495658568,1,0,0,2.91592500631908,1,71.36935558590424,0,0,1,0,0,0,6,1
21.11869314588258,47.80595112279089,1883.4150244462337,0,0,0,0.0557631122180168,0,56.15820640429485,0,0,0,0,0,1,7,1
20.751795991734028,44.10279929107424,1960.7019967770807,5,0,1,22.33604308552978,1,64.15908028277804,0,0,1,0,0,0,8,1
26.16994929838213,47.69281518219832,1153.669669465845,6,0,1,2.9114908667427617,1,78.55300132169354,0,0,0,0,1,0,9,1
23.17225963253787,49.577710809498384,1723.565007725351,8,1,0,26.687586462554997,0,83.95704997280212,0,0,0,0,0,1,10,1
25.272816356960263,40.1936364187321,1047.033693460609,1,0,1,6.139847720390744,0,71.79237551051598,0,0,0,1,0,0,11,1
21.800785772571857,49.950244747208615,1700.670825645329,9,1,1,6.812825820132936,0,75.05653078298293,0,0,0,0,0,0,12,1
29.6721129967827,56.543906950371,1196.241143765197,8,0,1,2.5054404978352887,0,80.48703556235982,0,0,0,1,0,0,13,1
25.74488749603658,58.604663687903454,1125.725340595198,5,0,0,18.97190654376609,1,85.70653026443098,0,0,0,0,0,0,14,1
28.37152111176624,58.461654608969226,1614.1875823894188,3,0,1,19.90845075017041,1,84.58609727444954,0,0,0,1,0,0,15,1
23.336911733784294,46.07180199561191,1444.1292177596963,4,0,1,8.829936835497605,1,71.58907832757887,1,0,0,0,0,0,16,1
29.07327456026971,55.48688644483778,1914.4521285855365,0,1,0,6.27150660449027,1,79.76637419566994,0,0,0,1,0,0,17,1
24.49606284096336,59.55584185557464,1783.052711929045,5,1,0,22.66624404831122,0,68.19559790535749,0,0,0,0,0,1,18,1
24.005801562854373,49.42088782306777,1711.853653504002,3,1,0,24.386163896806156,1,66.00177993173611,0,0,1,0,0,0,19,1
27.922213491090368,44.01894862520544,1858.6649439089797,2,0,1,11.724683978729242,1,80.5143962201336,0,0,0,0,0,0,20,1
24.04782382798048,54.58723427149225,1758.4183587263203,8,1,0,14.16224654209328,0,83.2193950399079,1,0,0,0,0,0,21,1
28.8373015994737,38.59751387913317,1729.4509901033314,5,1,1,6.658910551043328,1,96.24479646780536,1,0,0,0,0,0,22,1
24.100296887276173,40.03157327285523,1892.4238531930664,9,0,1,21.794893964459988,0,73.10864189200338,0,0,0,0,1,0,23,1
20.96062912916994,50.87546353263134,1380.0443536329788,5,0,1,26.668404936346384,1,69.61597783748148,0,1,0,0,0,0,0,1
24.82875708726147,55.59731295483195,1057.9928560047108,3,1,1,26.09970701195885,0,85.17992011721516,1,0,0,0,0,0,1,1
27.70701191450814,30.197259813469586,1856.8759492709137,2,1,0,25.990387362582364,0,84.49219676792431,1,0,0,0,0,0,2,1
21.436573616730698,35.16035086728409,1545.7860300853968,4,1,0,3.345312384513851,0,70.53600589636218,1,0,0,0,0,0,3,1
21.86940692212729,34.39734416530846,1189.8486544303823,5,0,0,21.28429735819013,1,60.49180013829193,0,0,0,0,0,0,4,1
26.89542244973883,33.03578216521613,1757.0838611695565,6,1,0,22.39940595914656,0,82.16772173437849,1,0,0,0,0,0,5,1
29.84140366449989,31.51442416938213,1549.1527897096855,3,0,0,3.058343591462042,1,81.91204080431203,0,0,1,0,0,0,6,1
21.62325003803798,57.40925627007511,1090.6316146789638,2,0,1,10.88501214353056,0,70.01666703086599,0,0,1,0,0,0,7,1
29.97116493486008,30.521684158544392,1868.887373060341,5,1,1,24.14811814596949,0,94.07625484931792,0,0,0,0,0,1,8,1
24.475683087833907,55.10140768788186,1121.2944759132572,3,1,1,26.923871368929618,1,74.4007924032853,0,0,0,1,0,0,9,1
27.746699927274637,39.67821112809722,1390.0327945161723,5,1,1,9.23929959085389,1,89.50707092353817,0,1,0,0,0,0,10,1
26.47898939541043,53.26256144039128,1491.7439494526384,6,0,1,29.39875843725651,0,81.44492043977603,0,0,1,0,0,0,11,1
29.661390791489666,30.625188424257477,1073.071787839585,7,1,1,17.328601566894132,1,82.02665399387878,1,0,0,0,0,0,12,1
28.49538571092684,49.57003640067545,1217.1051616117093,8,0,0,26.799849689981556,1,86.58971960151044,0,0,1,0,0,0,13,1
23.67663813481401,38.60024470020032,1911.6396765899112,6,1,1,14.118308369759774,0,73.31338432781097,0,0,1,0,0,0,14,1
22.976247258235677,49.55548713020151,1015.9412332761528,6,0,0,11.264707560596792,0,63.94519034195512,0,0,1,0,0,0,15,1
25.556092091425032,53.10644793952598,1109.223795210026,4,0,1,8.21605886804948,0,71.68215977091921,0,0,1,0,0,0,16,1
24.35567264423292,50.65458482172584,1966.99304665867,3,1,1,10.243937779988402,0,80.88488370658571,0,0,0,0,0,1,17,1
22.49358411822166,30.691271803169013,1754.01045027828,4,1,1,26.90388199506216,0,69.36518466401643,0,0,0,0,0,1,18,1
25.028103588292623,54.247296602487154,1504.3926724162768,9,1,0,19.219041494384157,0,77.11135724587183,0,1,0,0,0,0,19,1
24.754216120263745,54.10080905875039,1314.1090098758605,0,0,0,1.212165647749407,1,66.83338950834204,0,0,0,0,1,0,20,1
26.6601213737628,41.64496549572985,1185.8941762127454,7,0,1,8.453895465650689,1,86.27594100947952,0,1,0,0,0,0,21,1
29.94055444646933,51.64890691720559,1581.5139318893669,8,1,0,10.143450151770471,0,93.67536718801192,0,0,0,0,0,0,22,1
25.292793135640693,56.57839324772719,1863.0379803732485,9,1,1,9.645916200010936,1,78.51637753836398,0,0,0,0,0,1,23,1
29.83575266854268,34.78760835547857,1792.500538107311,8,1,1,14.453882313271194,0,92.94947424303056,0,0,0,1,0,0,0,1
28.32308055909224,40.20273701393839,1857.794298328476,8,0,0,27.629569058622387,0,81.03512874471366,0,1,0,0,0,0,1,1
23.530543021975223,45.031084113017016,1126.4994089110364,7,0,1,28.954380715345145,0,82.69984871990366,1,0,0,0,0,0,2,1
25.485925419891544,48.30514745987267,1091.2899080742282,5,1,1,12.940199034978752,0,72.51616454377282,0,0,0,0,1,0,3,1
29.103356619413912,32.396450934122335,1049.1554928604687,4,1,1,18.6252288059018,0,89.10422123551844,0,0,1,0,0,0,4,1
23.60485466648944,59.20251242749962,1345.880429219911,2,1,0,17.479406445243104,0,75.10348087974481,0,0,1,0,0,0,5,1
22.20113546893045,58.287339260553495,1388.750560894454,5,1,1,13.466856250277743,1,67.4347673094004,0,1,0,0,0,0,6,1
29.64724750882625,56.630482788647456,1930.909344365422,7,1,0,3.772035157205731,1,87.24482058496623,0,0,1,0,0,0,7,1
22.539922369298097,49.5899181768322,1600.2225069450028,9,0,1,19.305479196836465,1,71.39509194269883,0,0,0,0,0,0,8,1
29.156441420797947,35.71379302365204,1080.115793281415,2,1,1,21.90718983027739,1,86.43309225941918,0,0,1,0,0,0,9,1
20.792397525942917,41.96566757604189,1241.691331397061,3,1,0,21.47222101066622,0,68.2435021615015,0,1,0,0,0,0,10,1
21.76621987431695,43.39761996195179,1872.3085933006496,8,1,0,29.063760714653423,0,77.32618941148577,0,0,0,1,0,0,11,1
27.41869692624722,50.70620208107334,1215.5839177658047,9,1,1,2.414500700882293,1,87.63455303671404,0,0,0,1,0,0,12,1
29.598786880062494,32.499683593213675,1688.787751827305,2,0,1,11.414886618525449,0,85.0477045249641,0,0,1,0,0,0,13,1
22.883364314842687,57.85274831412688,1828.996905788887,8,0,0,5.829146694745235,0,73.25681014128338,0,0,0,0,0,0,14,1
24.12386223578576,33.7955033014236,1370.8351556699013,9,1,1,9.351029967116189,1,86.13804177699438,0,0,0,1,0,0,15,1
24.9203612089152,59.293091970085136,1250.8850297838906,5,0,0,11.105180907483383,0,73.30170849678505,0,0,0,0,0,0,16,1
24.867072170252865,56.90693871629079,1872.040324005975,9,1,0,27.15550741192109,0,77.75822606497373,0,0,1,0,0,0,17,1
26.41607206424367,58.010149677257104,1060.654758639418,0,0,0,0.4503293352489157,0,69.980899727324,1,0,0,0,0,0,18,1
29.934091916313783,51.02698500411167,1008.2809939019576,2,0,1,12.041117021785311,0,81.71962012715123,0,0,0,0,0,1,19,1
26.641326048873257,55.26262006468035,1004.8054404676876,8,0,0,15.106150698037643,0,83.18770623779959,0,1,0,0,0,0,20,1
29.53147229322133,47.136635516653925,1740.7259870719154,3,0,0,25.730082954167365,0,74.50066582241101,0,0,0,0,0,0,21,1
25.64960484800747,37.51772636876434,1972.8741405318412,4,1,0,21.769579215094684,0,85.30242790679038,0,0,1,0,0,0,22,1
20.5867099546166,49.4076094331723,1060.1018098967174,4,0,1,16.68383143497668,1,68.1664191683244,0,0,0,0,0,1,23,1
25.015098891974645,39.80485801639829,1151.8399204655066,1,1,0,18.05688062421043,0,78.27308086222502,0,0,0,0,0,0,0,1
27.08520039788453,55.76623296778325,1633.9588263014853,5,1,0,5.863375030654935,1,83.73032136926082,0,0,0,1,0,0,1,1
25.46302668912395,43.33426882627777,1061.8133298960252,3,1,0,6.616040041469074,1,91.26509966618862,0,0,1,0,0,0,2,1
24.932757632110256,37.65871505229623,1143.834081236962,0,1,1,6.538046915494116,0,84.27007059707874,0,0,1,0,0,0,3,1
20.729852221340717,51.52162743593951,1630.3169932267913,6,1,0,27.399327982323346,1,72.99259684812475,0,0,0,0,0,1,4,1
26.59486599781533,43.34592017772265,1337.231850134397,0,0,1,24.854366733932206,0,82.85963588574896,0,0,1,0,0,0,5,1
23.945620577333514,34.18784623384707,1449.930686038694,1,1,1,26.59390736020392,0,77.1941932078873,0,0,0,0,0,0,6,1
27.43320713790137,52.27813671052308,1753.844901360529,1,1,1,19.7000472070482,0,94.62023821457578,0,0,0,0,0,1,7,1
29.454844931271385,39.18904980594537,1279.299706810736,9,1,0,21.63752985672532,0,89.00357444759614,1,0,0,0,0,0,8,1
26.625763455465023,55.98718707374055,1057.9870384690478,0,0,0,19.49500804937485,0,68.83167001425691,1,0,0,0,0,0,9,1
24.20913823846028,55.10484935868635,1310.2166279124344,6,1,1,15.717498873544177,0,84.01097145424957,0,0,0,0,0,1,10,1
27.246529070906323,36.55317638023738,1069.90463951935,9,0,1,5.686641212561088,1,78.9790545188001,0,0,0,0,1,0,11,1
22.875581199714567,53.10523438034692,1032.432519113733,5,0,1,21.07938414081246,0,67.4824550310811,0,0,1,0,0,0,12,1
26.490491708295156,59.587972789586246,1439.4568467117188,5,0,0,20.626817366816496,1,78.8322123678672,0,0,1,0,0,0,13,1
29.847835861620226,57.01353258961778,1250.502412039237,3,0,0,20.19580680813085,0,89.16170791211029,0,1,0,0,0,0,14,1
25.750670316104028,45.98494058298888,1911.4358314538904,1,1,1,7.607161856892564,1,80.90873748636218,0,0,0,0,1,0,15,1
26.211521241726768,56.22313075855469,1145.2385860770094,1,0,1,3.207135840754015,1,69.84644934130478,0,0,0,0,1,0,16,1
25.271974275287725,37.92865642036728,1888.949795115892,9,1,0,23.708442372263686,1,93.61749392822172,0,0,0,0,0,1,17,1
24.68514769489026,59.812353285643546,1899.374039693182,4,0,1,19.010074225237844,0,71.72043318222806,0,0,0,0,1,0,18,1
29.989584102205143,48.61326427899521,1933.022911782375,4,0,1,14.99413604981944,1,78.84560725498649,0,0,1,0,0,0,19,1
21.762517070510704,46.152613038274914,1353.9164908148057,6,1,0,10.675249438033063,1,73.12301845544222,0,0,0,0,1,0,20,1
21.301340593724515,55.4453629868736,1697.483282587737,0,0,1,26.89240297170052,1,63.87007076935118,0,1,0,0,0,0,21,1
27.12107588004428,48.23358400905633,1396.999365067413,0,0,1,21.964968118161288,1,79.85590094565664,0,0,0,0,0,0,22,1
28.77905873790672,46.13660980635835,1531.354851435157,3,0,0,1.9565137333588511,0,87.41590659136119,0,0,0,0,1,0,23,1
24.346551085684084,33.72474822634778,1184.3206353547969,8,0,1,12.175546457869885,0,78.57276368394248,0,0,0,0,0,0,0,1
28.04969082646553,52.792683730712014,1415.155001179277,3,1,1,28.150951412943147,0,91.41236536705472,0,1,0,0,0,0,1,1
27.226570854641658,52.912813213324455,1899.075864457624,7,0,1,15.507894308470243,0,81.73188628959403,0,0,1,0,0,0,2,1
27.8759456574878,41.81840052395065,1796.8071571471378,0,0,0,8.364369433841473,0,79.16418646600803,0,1,0,0,0,0,3,1
28.97886961385777,51.24236023166594,1089.512707222751,6,1,1,2.929443963598372,0,86.15217410784291,1,0,0,0,0,0,4,1
27.066683112008597,56.01806487414403,1745.3950275942038,4,1,0,14.83752518836001,1,81.36888676528652,0,1,0,0,0,0,5,1
24.413828893934,51.7147260691015,1142.3236469325589,1,0,0,9.115813380848213,1,71.93956193748485,1,0,0,0,0,0,6,1
29.76420304471216,40.90101345316904,1463.830142637306,6,1,1,15.3214993359711,0,99.20111959032307,0,1,0,0,0,0,7,1
22.11281095529103,52.752344569314765,1603.331728444837,1,0,0,8.886757104233098,1,63.12270832376059,0,0,0,1,0,0,8,1
24.940660004479184,45.4215969746479,1121.270733831375,0,1,0,16.14057289249767,1,81.98142865281332,0,0,0,1,0,0,9,1
24.577256096906105,33.41446259716387,1922.0986385666745,2,1,0,12.054475448104215,0,80.25248579416566,0,1,0,0,0,0,10,1
21.2528032890315,44.90855785547373,1562.6039328584338,5,0,1,24.053234152101076,1,71.29929557890472,0,0,1,0,0,0,11,1
29.88439348301628,40.98758783309867,1329.9788443468512,5,0,0,24.55518798621919,0,88.01461174915498,0,0,0,0,0,0,12,1
20.64424767076612,54.8471999435972,1798.355879296016,7,0,0,5.769555506788077,1,66.26932558409561,0,0,0,1,0,0,13,1
28.11388728181357,36.61340148791852,1409.0517201384646,8,1,1,16.788850988395858,0,82.2669388259017,0,0,0,0,0,1,14,1
28.1301774102285,35.99403489558383,1766.3201904293587,0,1,1,8.176593434955882,1,87.04307524865446,0,0,0,0,1,0,15,1
21.088594927897752,41.24566051545756,1861.4750865389128,8,1,1,1.734681288890938,1,77.37513106047973,0,0,0,0,0,1,16,1
23.776360320205395,40.34706645405912,1157.145018151006,2,0,1,22.022290946634413,0,65.98179416664804,0,0,0,0,0,1,17,1
22.234645566475628,47.2299882831905,1855.5026675111037,3,0,0,25.98746490153155,1,60.54145962184359,0,0,0,0,0,1,18,1
29.08209886569873,40.039608632023146,1774.5115668553317,6,0,0,19.173012188819342,1,92.04714123962164,0,0,0,0,1,0,19,1
26.59340244917716,52.41616512587549,1210.743887940734,8,0,0,20.440697589911338,0,85.23654873673894,0,1,0,0,0,0,20,1
22.162619666534543,34.69720843713981,1104.329446884832,5,1,0,20.539659958454827,1,64.86892378660065,0,0,1,0,0,0,21,1
24.60026864048912,58.78197615015144,1103.331647162755,1,0,1,12.41549515206669,1,65.37884108866804,0,0,0,0,0,0,22,1
28.87070395110097,31.76771768074004,1915.364870491161,3,1,0,8.410630941815237,0,88.69140252262352,0,0,0,1,0,0,23,1
29.963232904230267,52.72792152460442,1419.5041176597545,5,0,1,20.743113531782853,1,86.91937064261256,0,0,0,0,0,1,0,1
23.751219493408858,49.32718644567024,1603.5759297573627,9,1,1,0.1204187478494189,0,83.90650416809571,0,0,0,0,0,0,1,1
24.791798073571503,30.57037531860692,1499.924579453643,5,0,0,3.4970163324854555,0,74.11456005939908,1,0,0,0,0,0,2,1
22.29635670586457,40.90136168705183,1568.7501083931695,8,1,0,21.578185695633813,0,83.89109970828049,0,0,0,0,1,0,3,1
21.96817759776177,50.378930021339286,1709.3905444640718,8,1,0,2.938315981249715,0,71.04837024273033,0,0,0,0,0,0,4,1
25.040550991673094,44.50249175788367,1493.8249195911833,5,1,1,22.54505033633447,0,81.67675119829586,0,1,0,0,0,0,5,1
24.79052751579664,52.75583247356465,1514.5333627945024,5,1,1,17.730160497067992,1,85.43330464899245,0,0,0,0,0,1,6,1
29.759457574755857,59.41249913937952,1979.749395852546,9,0,0,10.608493203120643,1,71.31149601141918,0,0,0,0,0,0,7,1
20.572217098747668,43.97216215324313,1828.6860364040413,5,1,1,0.0357933728863735,0,71.59494171654234,0,0,0,0,1,0,8,1
21.491110561304424,39.488812216596784,1312.015354421691,3,1,0,18.422067594203074,1,66.63194054734754,1,0,0,0,0,0,9,1
22.810125413881728,34.475901727672024,1833.3682411661823,4,0,0,0.2012928602677977,1,78.85915530885171,0,0,0,0,0,0,10,1
28.08026546082564,48.26695805067757,1394.596753319072,5,1,0,5.182709251580172,1,82.06410931182897,0,0,0,0,1,0,11,1
28.15378415557783,47.01248625543983,1938.017891148901,8,0,1,1.470031091268924,0,73.07513597606074,0,0,0,1,0,0,12,1
20.095544725988955,52.06206831690015,1659.906260243137,9,0,0,29.044392024066763,1,79.16619554654747,0,0,0,0,0,0,13,1
23.89145752035277,40.83516650897284,1446.904014175665,7,1,1,5.827030822836161,0,72.79751943176964,1,0,0,0,0,0,14,1
20.13853046273076,39.655526378524,1838.9723265085292,4,1,0,14.259082804840416,0,66.47763445626643,0,1,0,0,0,0,15,1
20.179111779636223,55.52842843307443,1859.3921330518328,9,1,0,26.383462265326735,0,72.80385072265209,0,0,1,0,0,0,16,1
28.07737837340109,59.937571183545074,1462.9856749718806,8,1,1,17.560564472949697,0,76.06738490848045,1,0,0,0,0,0,17,1
22.75087423592777,50.50700614958035,1698.6343647631584,1,1,0,19.710776968799163,0,67.98375026133883,0,0,0,1,0,0,18,1
27.123791012042265,57.19010322051959,1992.6197087601251,0,0,0,8.454139099224427,0,81.38657107491966,0,1,0,0,0,0,19,1
27.28332920491556,33.86674061369556,1221.2270923756796,3,1,0,0.6496502690263839,0,83.25094380654245,0,0,1,0,0,0,20,1
25.014993307259616,57.38120407289534,1427.662529539753,0,0,0,9.42554896884608,0,67.17457319395716,0,0,0,1,0,0,21,1
21.466143655009272,43.33701786313303,1629.2869753530042,6,0,1,3.405497136800504,0,67.26120660342814,0,0,0,0,1,0,22,1
24.413259476377117,51.69606743472684,1781.9840715868645,7,1,0,10.424257793227293,1,80.34560178833401,0,0,0,0,0,0,23,1
26.634832086508275,59.35682410874189,1254.55319704182,1,0,0,9.951708145447087,0,77.04056884934522,0,1,0,0,0,0,0,1
27.529605083656385,59.79625782139683,1624.014307387945,7,0,1,27.23630976866811,1,95.4029596891022,1,0,0,0,0,0,1,1
20.42362322191651,46.83908812406921,1696.3951835511823,1,1,0,28.96250902948853,0,67.29060455788681,0,0,1,0,0,0,2,1
29.19613110738682,41.38775947429426,1010.2717091991292,6,1,1,11.899717731813295,1,86.07540331472565,1,0,0,0,0,0,3,1
29.132278473010224,50.8102419419621,1693.7589512808463,9,1,0,11.834461825064787,1,91.0071222812532,0,0,0,0,1,0,4,1
21.11310768302797,58.70466868743349,1226.6708122120035,2,0,1,8.584429357474217,1,66.91801210715869,0,0,0,0,1,0,5,1
24.966378373156623,53.28907382113385,1007.7091089431092,6,1,0,9.34377595934692,1,67.80192844905321,0,0,0,0,0,0,6,1
22.763581036685263,57.97721768930612,1185.390826766897,9,0,1,7.432685585561432,1,72.79116253829804,1,0,0,0,0,0,7,1
24.65059222522192,54.45885404545826,1703.8443100476263,7,1,0,15.966677470444177,1,73.71892622999403,0,0,0,0,1,0,8,1
22.409574710479287,38.40546242411151,1474.6458420330468,3,1,1,18.311245952118355,0,73.95422052947721,0,1,0,0,0,0,9,1
27.41253712412604,44.60920859281848,1490.1453193710336,1,0,1,5.442467943096904,0,79.62397199797275,0,0,0,0,0,1,10,1
28.033311269371296,39.3672111413526,1594.4234097990452,5,0,1,29.800950329484163,0,88.68436418642132,0,1,0,0,0,0,11,1
23.508825825876077,33.047467611643754,1886.0887956467047,8,0,1,14.299373703489673,1,81.29991310728172,0,0,0,0,0,1,12,1
23.145295623453844,47.35694106807215,1452.726402722648,7,0,1,29.381936075669437,1,70.67916601591584,0,0,0,1,0,0,13,1
22.430862898122427,54.41348793630272,1504.0298871143814,5,0,1,24.67478243043528,0,65.17124623925778,0,0,0,1,0,0,14,1
20.58377649556324,51.74602878902359,1297.638692492979,3,1,0,0.0598374204552598,0,63.86954231299019,0,0,0,1,0,0,15,1
25.671657767932604,59.96908490414602,1898.175480899396,6,0,0,27.635776126023394,1,76.93700355293326,0,0,0,0,0,0,16,1
27.887454181933727,38.85588181573885,1881.7402531544512,0,0,1,13.751586174594784,0,77.43531155028174,0,0,1,0,0,0,17,1
22.612632063543117,50.44744232895708,1366.2069473305537,9,1,0,19.589102315436733,1,77.03777489000016,0,0,1,0,0,0,18,1
20.128737577453293,57.84404960296307,1318.1843880881502,2,1,0,11.97647666462878,0,61.4988615645802,0,0,0,0,0,0,19,1
25.480452458916943,58.39451437723123,1098.4957876521803,9,1,0,23.08751424350701,0,87.8886308127343,0,0,0,0,0,0,20,1
20.220086774789458,44.55551097221861,1586.284522231318,2,0,0,8.202103135717019,0,61.89641476528576,0,0,1,0,0,0,21,1
23.796757757044343,31.885487581000984,1751.0716085662878,7,1,1,28.31338441394594,0,94.62784881900978,0,0,0,0,0,0,22,1
24.250220009206,53.40318871289165,1221.6186303175466,1,1,1,3.648977609701423,1,77.22028479810245,0,0,1,0,0,0,23,1
25.38331635956952,54.197723552995896,1994.8532337170177,1,0,1,17.175717983827866,0,68.5608633379115,0,1,0,0,0,0,0,1
22.51423492537941,50.69597172997662,1916.2943137907896,9,1,0,13.50053423515493,0,73.59698894167262,0,0,1,0,0,0,1,1
26.535222128965103,55.303835449618575,1648.500812815325,5,0,1,11.16635452144608,0,77.94474788452226,0,0,0,0,1,0,2,1
21.844770768163816,41.69973153729126,1485.2104865274991,7,1,0,6.622047897210475,0,69.71608824565111,0,0,0,1,0,0,3,1
25.815971147012952,30.340829665475766,1040.028114889546,9,1,1,28.989124918614564,1,92.01258748997904,0,0,0,0,0,0,4,1
29.191259427700007,55.32728849118323,1398.6956870566562,3,0,1,26.77566887238388,0,83.41231082362565,1,0,0,0,0,0,5,1
22.862277371468476,55.5580383716731,1907.7603077447377,7,1,1,8.730163808841722,1,82.21564364553204,0,0,1,0,0,0,6,1
22.09146786634546,38.18216646209996,1995.022125751578,9,0,1,25.721186180405653,0,78.21117089032514,0,0,0,0,0,0,7,1
25.204869731530643,49.45994887554877,1241.4137405080576,1,0,1,15.978054590290924,0,78.1360012561382,0,0,0,0,0,1,8,1
20.888861757974738,59.0997465283923,1507.616993283496,6,0,1,19.26064237343479,0,70.75779856628381,0,0,1,0,0,0,9,1
25.50427211558224,35.883918597959166,1124.7089745260366,9,1,0,1.974490790934416,1,84.90688052458705,0,0,0,0,0,0,10,1
28.58080682593165,33.993811846531656,1000.5126606747408,7,1,0,8.950458671088057,0,83.57237385867964,0,0,0,0,1,0,11,1
25.35449118222295,32.51025352905606,1675.2911010664516,9,0,0,22.5340326917151,0,70.11778994803151,0,0,0,0,0,0,12,1
26.916619743576486,58.22492691133184,1710.7150436173274,5,1,0,3.7024685002738247,1,81.28468117700135,0,0,0,0,0,0,13,1
22.631193499696465,42.59497913784263,1360.019927040193,7,0,1,29.393431072356737,1,71.89785867504911,0,0,1,0,0,0,14,1
24.077228049710666,41.70972107742479,1014.006524507023,5,1,0,23.12484986038901,0,78.21271299674177,0,0,0,0,1,0,15,1
23.06624697347745,47.45438787152142,1103.7505725209485,7,0,0,14.902751022831552,0,67.07114719268937,0,0,1,0,0,0,16,1
23.7735818545226,32.34948184718398,1628.923441792846,7,1,1,8.094987416276002,1,79.52856103834532,0,0,0,1,0,0,17,1
29.165312147879533,43.19246451741391,1862.3431226463244,7,0,0,11.495838507334952,1,83.78413525306924,1,0,0,0,0,0,18,1
28.85697933071757,43.21711457889548,1270.2058353424252,0,0,0,22.09853487034788,0,81.52320357960576,1,0,0,0,0,0,19,1
23.355251042380456,34.594199279588594,1693.3374322192112,1,0,0,25.087500119586085,0,66.46316709527558,0,0,0,0,0,1,20,1
29.476509553670304,59.13668674604738,1347.9548470290288,3,0,1,10.709557251694315,1,81.99562721027641,0,0,1,0,0,0,21,1
25.64670421938436,46.7606325992047,1462.707729857677,6,0,0,10.58150435450312,0,70.23880499853406,0,1,0,0,0,0,22,1
26.78585362904272,43.35657188414709,1342.9586094476686,4,1,0,19.33282546738108,1,77.77802650109714,0,0,1,0,0,0,23,1
22.241050225881995,46.78361991089879,1554.435466677675,0,1,0,25.89266426039248,0,77.80850874093727,0,0,0,0,0,0,0,1
27.258290801594605,31.274588784714663,1396.9485047991752,7,1,1,23.38635921097044,1,85.28188329910856,0,1,0,0,0,0,1,1
27.573100719202777,53.88959533937432,1113.794778699982,2,0,1,9.60156874032651,0,81.99774141424908,0,1,0,0,0,0,2,1
21.70943010969608,50.9359940680372,1606.2067129262512,1,0,1,25.26085016613104,1,69.42614283102364,0,0,0,0,1,0,3,1
20.81959505517368,34.908239673505214,1717.0324142051093,4,0,1,1.4267160488786268,0,57.96891358645942,0,1,0,0,0,0,4,1
25.6487714187928,32.887018565932706,1399.4593784724293,1,0,1,12.254877475183331,0,70.76654655668561,0,0,0,0,1,0,5,1
26.760740451849696,56.62790545566494,1934.205054938674,4,1,1,17.907657635424158,1,84.2199784977911,0,0,0,0,1,0,6,1
20.71470807109553,43.19619848601898,1952.454394398429,0,1,1,10.225230157449785,1,74.60538130681516,0,1,0,0,0,0,7,1
29.828850779482828,30.69157951882111,1882.757271034553,3,1,0,19.20943878655409,1,91.1199805367326,0,0,1,0,0,0,8,1
20.35401325859717,41.20446872883632,1964.8814633585448,5,1,1,10.805103411060117,0,69.31099720502277,0,0,0,0,0,1,9,1
29.25483349840779,41.23644931583929,1603.6132386863942,7,0,1,3.4269900053558437,1,88.32121632344422,0,0,0,0,0,1,10,1
20.50449561006691,31.59744177887421,1066.921262282943,6,1,1,23.430142995746348,0,70.72099946849724,0,1,0,0,0,0,11,1
27.06595806791496,35.08513081013682,1855.556819047234,5,0,0,13.097063773770277,0,75.04311860015694,0,0,0,0,1,0,12,1
28.70614546897817,59.50292368784949,1491.640156547816,0,0,1,25.083597382646037,0,85.45715502934821,0,0,0,1,0,0,13,1
21.93223455443626,32.23320837546249,1680.8204329727369,4,0,0,10.38060077779389,1,69.00907714924305,0,0,1,0,0,0,14,1
21.30169407206605,45.61614859710462,1290.2869576192677,7,0,0,4.419866703697401,1,63.58213875013972,0,0,0,0,0,1,15,1
25.65729225549182,32.02457715023402,1102.3453433743102,8,1,1,4.807573224374457,0,78.28346941614889,0,0,0,0,0,1,16,1
29.42690706957936,34.293823997345115,1848.4964618072477,2,0,1,11.442380690057323,0,93.9589445168873,0,0,0,1,0,0,17,1
21.20819601401006,35.82143843953874,1524.544162342018,7,1,0,16.382529818296316,0,74.99537375055203,0,0,0,0,1,0,18,1
28.986915893152464,56.14187116155581,1929.1575287185533,8,1,0,24.96158691584948,0,87.42146757160002,0,0,0,1,0,0,19,1
23.70867172047463,46.335393641724,1861.606294278689,1,0,1,26.652575143374357,0,75.57152420533848,1,0,0,0,0,0,20,1
22.77245267568266,56.61673657644512,1465.6281280736237,7,1,0,22.59954471880388,1,70.46552358032476,0,0,0,0,1,0,21,1
27.31995453139861,48.88795918684507,1709.0519420326236,8,0,0,11.603709200955084,0,75.27844823561392,0,0,0,0,1,0,22,1
25.897736047670985,36.01358111373318,1122.639704977301,7,1,1,29.6078252439656,0,80.1690478981595,0,0,1,0,0,0,23,1
22.852928133523854,55.47826146381301,1709.6520699709004,6,1,0,6.3163378510793935,0,78.62040300283796,0,1,0,0,0,0,0,1
27.909831281101503,36.87131715779904,1263.0445996568965,7,0,0,23.410277358260625,0,97.77348781754034,0,1,0,0,0,0,1,1
25.98901531268556,33.472908923681906,1303.0094985812095,7,1,0,12.920971189894615,0,79.54992427809216,0,0,0,0,0,0,2,1
24.532159747754687,50.02625154019218,1913.0648702007488,3,1,0,14.108624487870555,0,82.5582035943768,0,0,0,0,0,1,3,1
21.738925381579367,50.942228422988975,1546.3106097718878,1,1,0,27.597734843018,1,69.58620609341473,1,0,0,0,0,0,4,1
28.367308264563675,34.452751690847194,1003.9415131965022,3,0,0,26.560086756540432,0,82.9555569393591,0,1,0,0,0,0,5,1
29.37403469813012,41.5391838822782,1931.659917027486,2,1,0,10.505579050846787,0,83.34177681903425,0,0,0,0,0,0,6,1
26.394122756670967,46.33224108580151,1551.590740866935,0,0,0,6.622421888242088,1,77.12419833394712,0,0,0,0,1,0,7,1
29.459240107502215,48.6116636518438,1584.0089403024983,8,1,1,15.4927574805625,0,81.39080270633778,0,1,0,0,0,0,8,1
22.77897688001199,58.86949404713852,1639.4894272318304,8,0,1,24.87228847156752,0,80.91405726325533,0,0,0,0,1,0,9,1
24.165454779487348,42.69914005029917,1256.691201874152,9,0,1,7.088012583173339,0,81.62875782723093,0,0,0,0,0,1,10,1
27.45636499635991,35.459691991467174,1085.0217023667071,4,1,0,22.10297392993066,0,84.06315253230775,0,0,0,0,0,0,11,1
28.226550979307493,55.03165227554037,1186.6959240052472,6,0,1,20.927286718491803,1,77.26334147173574,0,0,0,0,0,0,12,1
21.691465598867328,31.970197307110155,1616.6195814420876,8,0,0,11.198719907182836,0,65.4106623314997,0,1,0,0,0,0,13,1
20.61166963059805,47.64144714058589,1949.292151416605,8,0,0,4.928456790546671,0,67.22824139994246,0,0,1,0,0,0,14,1
27.323585669054317,53.0278731408394,1036.3701486542734,9,1,1,2.0293803883315698,1,85.58282095046387,0,0,0,0,1,0,15,1
21.008113410555087,50.35050539830922,1362.5829644359694,8,1,0,4.140942680955196,0,67.84233024062135,0,0,0,0,1,0,16,1
26.13529093559066,48.49872944154677,1303.715986305891,8,1,1,5.667656190713628,1,86.92061127676786,0,0,0,1,0,0,17,1
20.41762695779149,48.92376371513983,1066.2763523398298,9,1,0,17.36163730201266,0,63.978617564810655,0,0,0,0,0,0,18,1
25.55588368247861,30.918221333700124,1624.0871555656931,6,1,0,2.898355218936386,1,69.70390192254267,0,0,0,1,0,0,19,1
23.900946973404714,56.63156074826591,1105.1100739743415,9,0,0,13.607248863936416,0,77.93189649527889,1,0,0,0,0,0,20,1
27.457017733548696,54.87052902825373,1739.781816370814,2,0,1,24.884317755250745,0,79.51141827944035,0,0,0,1,0,0,21,1
28.985184717421003,35.10925352178468,1706.9192054135538,9,1,0,7.483883177647764,1,83.98375304279631,0,0,0,0,1,0,22,1
24.97811892036308,44.413693036429954,1149.4989109502226,0,1,1,19.69517848482156,0,76.87445075421458,0,0,0,0,0,0,23,1
26.82515934926824,42.241919406774336,1882.687155607664,6,1,0,22.322860682511724,0,84.75911327289828,1,0,0,0,0,0,0,1
20.8386699931593,49.06206116666796,1573.0941604262343,0,0,1,4.227641939132645,1,64.29007163380574,0,0,0,0,0,1,1,1
22.671160480897267,56.81287521045395,1710.2788432186203,3,0,0,13.997236022910345,1,70.31639320798583,0,1,0,0,0,0,2,1
22.231706348691738,37.79484735821522,1981.6800071976988,4,1,0,25.485874733828865,1,77.43243518171313,0,0,0,1,0,0,3,1
29.00790108543372,48.09887547107086,1702.6894656472457,4,0,0,20.527330265576424,1,70.54726071124931,0,0,0,0,1,0,4,1
20.24928813453841,45.18328077750617,1711.5723625146377,8,0,0,27.24070767037596,1,62.90256674535729,0,0,0,0,0,0,5,1
22.34551324058049,40.6580343188154,1169.2609232434372,4,0,1,5.558667317875735,1,70.17027035788999,0,0,1,0,0,0,6,1
22.039777213432824,33.46086520261341,1991.1316627324816,7,0,0,4.570970147555676,1,64.79217173104597,0,0,0,0,0,0,7,1
29.627620142731296,36.325258111849344,1690.3909483172151,0,1,0,12.44511087536426,0,75.91140009003787,0,1,0,0,0,0,8,1
27.771709923600643,46.42582653921144,1110.9481126397814,2,0,1,10.265727895349762,1,82.73357614484655,0,0,0,0,0,1,9,1
23.993171742885703,43.65664413127898,1330.6715682339525,0,0,1,27.65706984978419,0,77.76876946613743,0,0,1,0,0,0,10,1
24.91675160397488,57.30940689508409,1827.1702492842928,8,0,0,11.403862952811226,1,82.7662831291561,1,0,0,0,0,0,11,1
20.076316338811637,32.706041294983045,1173.85497575516,2,0,0,26.468857622248372,1,62.81838028250851,0,1,0,0,0,0,12,1
25.73555306278289,40.63080080736638,1022.7184644643678,6,0,1,1.905254131815688,0,75.72856416541613,0,0,0,1,0,0,13,1
22.55587665576569,57.61749615099862,1199.4356512518125,1,0,1,26.314354186696555,1,67.2628691128189,0,0,1,0,0,0,14,1
23.19063907630765,59.02179515135512,1868.221293134754,3,1,1,8.784361315657742,0,76.19931216944339,0,0,0,0,1,0,15,1
20.562095905476863,52.348130633712735,1982.00030474574,6,0,1,29.457067904920887,1,68.33142349404177,0,1,0,0,0,0,16,1
23.333556405681914,49.39029642067406,1490.274452070545,7,1,0,23.607260937062257,0,78.51244626151973,0,0,0,1,0,0,17,1
25.524973348056815,37.24876761507294,1087.803992387174,5,0,0,8.686977363773945,1,79.21063420495611,0,0,1,0,0,0,18,1
26.06015212636269,40.42323481316286,1318.388773055511,7,0,0,27.50286124738464,1,83.16661078240935,0,0,0,1,0,0,19,1
20.478201440082344,45.56656978054946,1545.8407225394851,8,0,1,11.024054967331022,0,68.44765376611637,1,0,0,0,0,0,20,1
24.419248252866403,33.13297868410212,1324.081823515114,5,0,1,11.945494305854412,1,76.37434527048943,0,0,0,0,1,0,21,1
22.346768775282424,43.93800227790181,1950.8817054842837,8,0,1,14.728614611783144,1,74.83286862689855,0,0,0,0,1,0,22,1
25.325159742225043,44.76713008033674,1083.1065797222857,3,1,1,6.777270582584625,1,85.39366027138668,0,0,0,0,1,0,23,1
29.618747294587564,43.25552363055651,1236.9237380711902,2,0,1,6.4785364686856175,0,79.2849224435124,0,1,0,0,0,0,0,1
22.992130529119414,44.17085050498562,1726.351073431968,2,0,1,29.680455338309244,1,71.94351918783443,0,0,0,1,0,0,1,1
25.91264758904968,57.48034314475227,1004.4546952832286,3,0,0,18.32801913562441,1,66.26580446654819,1,0,0,0,0,0,2,1
22.14574819875171,52.819025387718185,1832.676208336783,9,0,1,4.259275040113218,0,74.84384965506081,1,0,0,0,0,0,3,1
24.618448355987493,42.82754359530375,1074.650350845818,8,0,0,12.74446138961281,0,82.97112009264806,0,0,0,0,1,0,4,1
23.526241515482536,44.682244807196,1139.8048091007458,6,1,1,7.639175534541364,0,77.9426406626892,1,0,0,0,0,0,5,1
24.31613806919352,47.10086831333035,1895.410129718397,6,0,0,15.265638523300424,0,71.9985488138216,1,0,0,0,0,0,6,1
21.32277027840638,42.498451801716186,1901.629420494441,6,0,0,0.1140671347275679,0,58.09700995500931,0,1,0,0,0,0,7,1
20.637409430045448,31.22942183542025,1013.748554523694,2,0,0,12.881859637821284,1,57.28563889293863,0,0,0,0,0,1,8,1
26.603751997681293,33.57893594036764,1868.4034637163336,3,1,1,0.3916827636662912,1,88.21238718682275,0,1,0,0,0,0,9,1
24.08231099148212,45.6983598443619,1122.1853122157768,3,0,0,24.083909989234428,1,69.10618926694599,0,0,0,1,0,0,10,1
29.17552051908634,47.29986556707248,1861.2309454808085,2,0,0,16.563927714493097,1,80.22231202363872,0,0,0,1,0,0,11,1
25.41129367508965,37.160717625142205,1888.5054968539644,9,1,1,19.275052140847137,1,77.91203359869158,0,0,1,0,0,0,12,1
28.788470094804097,54.58053156803933,1838.1501437300249,3,1,1,18.996150465318618,1,83.0243540344661,0,0,0,1,0,0,13,1
29.98666302319409,56.73242455334538,1868.6314208631663,1,0,1,13.205017813256577,1,89.10913858582384,0,0,0,0,1,0,14,1
22.994690388903106,41.89126959739028,1767.1412784460065,7,0,1,16.616608125909263,0,72.97899309283271,1,0,0,0,0,0,15,1
25.87413406442268,57.99737371611749,1463.6691276697966,7,0,1,16.3239769424749,0,74.44558893131881,0,0,0,0,0,0,16,1
25.823889448751533,39.3067974918081,1672.2585603454854,9,0,1,26.718654287205457,1,75.46514844676668,0,1,0,0,0,0,17,1
24.11929022638841,48.55222452401847,1666.8776360985362,4,1,1,11.136795150970796,1,82.22345612034907,0,0,0,0,0,1,18,1
25.026543725776705,34.21780314951155,1421.9714508311397,6,0,1,5.159657928714258,0,77.53640850335813,0,0,1,0,0,0,19,1
23.722752704652105,49.10609794679674,1785.8436587150009,2,1,0,19.426209860804,1,76.66682705524279,0,0,0,0,0,0,20,1
21.1059053829919,42.6768324662064,1657.0048292945312,6,0,0,13.158711326297016,1,63.29028849358993,0,0,0,0,0,0,21,1
29.895994546347303,39.33698897807768,1708.9568652297933,5,0,1,29.96532733777335,0,76.08034762829266,0,0,0,0,0,0,22,1
26.14397546462776,30.2231421416232,1099.8613406477427,8,0,0,9.787738309049985,0,83.50109663171298,0,0,0,0,1,0,23,1
23.918155720609352,36.10532947156008,1724.907510968152,4,1,0,23.249552404774324,1,79.40597494954525,0,0,0,1,0,0,0,1
23.038633470465896,34.69764767704511,1305.2667765246792,2,1,0,17.364193162083325,0,71.40115269753504,0,0,0,0,1,0,1,1
22.94066537619797,49.68406055341268,1444.8862756962285,8,0,0,5.955810311815407,1,67.62811061570734,1,0,0,0,0,0,2,1
27.5196769343314,59.03372105699199,1458.9246504794812,3,1,0,25.258086898022786,0,81.04818095914119,0,0,0,0,0,0,3,1
20.26763985609399,58.92163799081712,1086.861527575797,5,1,1,17.838245284760543,0,71.22118707426318,0,0,0,1,0,0,4,1
20.08366729386336,50.79167003595968,1903.8535359194352,6,1,0,4.551915796296412,0,61.69541944263317,0,1,0,0,0,0,5,1
28.32013350736121,39.45050029864356,1453.347571629566,1,1,0,1.4788441358412707,1,75.26679366638521,0,0,1,0,0,0,6,1
24.221436416973024,50.19481564043676,1028.011827966298,4,1,0,29.096290022330287,0,83.44635557416105,0,0,0,0,0,0,7,1
23.55119385077773,46.79777670742985,1730.0930290829883,8,1,1,4.720739157086874,0,73.70147658568817,0,1,0,0,0,0,8,1
23.377386902716616,50.0710909515608,1295.650969660052,8,1,0,21.963152055946704,1,77.62714607009033,0,1,0,0,0,0,9,1
21.853116247072123,49.34474874929815,1263.8927900668484,9,0,1,26.80894867217135,0,77.45296107402339,0,0,0,1,0,0,10,1
25.048041213841287,59.04409493310286,1095.5688735302724,4,0,0,26.00523732490802,1,80.98899707324453,0,0,0,0,0,0,11,1
29.45655852786567,38.95180520653288,1145.1481893586256,8,0,0,14.52107923967504,0,87.70922567050178,0,1,0,0,0,0,12,1
25.29515875070915,44.99331971326822,1733.4801540112107,9,1,1,13.809475758795394,1,83.50179530846134,0,0,0,1,0,0,13,1
22.025443468577887,51.37666889643097,1240.7475565019818,6,0,0,11.254121690530871,0,60.39699944712779,0,0,0,0,0,1,14,1
28.362273912031824,42.92740080421014,1504.0624295742311,3,1,1,8.580510778764065,0,89.06661082391325,0,0,0,0,0,1,15,1
26.241719675893428,52.4572308173087,1194.277633943597,5,0,1,15.498834693001688,1,84.99430221637239,0,0,1,0,0,0,16,1
20.824744470711344,49.27676587732855,1623.9873673577154,4,1,1,16.46334574868266,0,79.55022187464053,0,0,0,0,0,1,17,1
27.22115683760672,47.93821553745259,1056.6581369530395,1,1,1,24.15197618300661,1,76.85500688033403,1,0,0,0,0,0,18,1
20.587370855087972,31.690187947650376,1537.5546362743803,2,0,1,23.3068666740746,1,72.36662633566371,0,0,1,0,0,0,19,1
24.02871733451554,47.82407464465471,1300.1839493424684,8,1,1,6.672894462313924,0,79.43030091050638,0,1,0,0,0,0,20,1
25.812903434433277,30.03266548050545,1835.348135397516,4,1,0,0.9295105268845416,0,85.1266719907273,0,0,0,0,1,0,21,1
22.94153218026616,30.13570643188339,1677.1609796935572,6,0,0,13.018729859359183,0,72.59865350688159,0,0,0,0,0,1,22,1
27.76510015265695,45.79717917132508,1615.6358905756006,5,0,1,9.928099155269411,0,77.66773981239143,1,0,0,0,0,0,23,1
20.26519121041291,56.56906088918335,1889.11508091262,0,0,0,15.641383088395353,0,56.03816283332214,0,0,1,0,0,0,0,1
21.43513354468482,41.04732763368949,1545.9102775578117,0,1,1,13.256345090896628,0,73.15360829787224,1,0,0,0,0,0,1,1
24.101967995806724,48.45331094302217,1968.0387169273515,4,1,1,8.520215595631326,0,75.69639299898678,0,0,0,1,0,0,2,1
29.229526088323095,41.08610338049533,1025.7705959837635,7,1,1,15.858287227254989,0,90.3816456495203,0,0,1,0,0,0,3,1
21.77733703407061,54.102774941464304,1022.281147275575,7,0,0,7.6903595765741155,1,64.05448532882963,0,0,1,0,0,0,4,1
21.42294504660759,36.69059473071246,1525.6152138190907,6,0,1,12.26652044741056,0,62.863458827698935,0,0,0,0,0,0,5,1
21.77191051677253,47.219181805125615,1176.2101901859382,3,1,1,7.601319095449056,1,69.78902812684966,0,0,0,1,0,0,6,1
29.313089533798724,38.917009982556,1899.808086359512,8,0,1,16.30743886902785,0,85.05730518930991,0,0,0,0,1,0,7,1
26.312113992801667,51.40871089982412,1220.5471326051625,8,1,0,5.986875091349147,0,83.88917674427188,1,0,0,0,0,0,8,1
28.056808069836137,52.253624756618734,1460.18076096532,6,1,0,15.015815218539595,0,79.80724747202207,0,0,0,0,0,1,9,1
23.28766174514709,47.40206509740008,1586.373926537733,4,0,0,0.4815334516604985,0,62.74215841892026,0,0,0,0,0,1,10,1
26.51619922943248,45.79171927425199,1551.5955996305945,1,0,1,26.88702416915496,0,81.94478362883896,0,1,0,0,0,0,11,1
29.53130442455096,35.77293911419584,1779.4685814399024,6,0,1,21.40460420694382,0,86.11226292148204,0,0,0,0,0,0,12,1
28.07627910350413,45.80842442360094,1378.7039412320985,5,1,1,19.71074886769781,1,76.39956057610658,0,1,0,0,0,0,13,1
22.07206290389256,34.716298228402714,1421.507671762491,5,0,1,21.23618829608327,1,74.36226287849098,0,0,0,0,0,0,14,1
22.70100220129873,52.321474486016086,1816.3236260804783,6,0,1,27.3025733716288,0,74.8163318897396,1,0,0,0,0,0,15,1
28.49552925073698,48.86648943819718,1065.8884453083072,2,1,1,0.2908508018042333,0,75.96073209963497,1,0,0,0,0,0,16,1
23.224515711712225,52.98828573310738,1370.4492563930437,9,1,0,3.3908771895145016,1,74.44139857203474,0,1,0,0,0,0,17,1
23.101868752981872,34.10068379116635,1769.0891962419578,6,0,0,24.724334385493627,0,62.11213580486496,0,1,0,0,0,0,18,1
28.211898887349143,50.84425120156391,1359.1804888452791,6,1,1,1.3819426593562545,0,92.77187827251257,1,0,0,0,0,0,19,1
24.607834348807906,32.12362493865886,1935.593888607557,8,1,0,26.16134400028061,1,80.91361624369979,0,1,0,0,0,0,20,1
23.3736305639473,53.55827499816873,1685.5999473008828,1,1,0,15.33712164664955,1,67.39138576705781,0,0,0,1,0,0,21,1
23.66961567910736,56.529050152480735,1818.693474689592,2,1,0,23.67497711523426,0,75.60212741214488,0,0,0,0,0,0,22,1
22.828181449323893,47.90785510318572,1665.085179709987,2,1,1,29.09988231086618,0,76.45718676536139,0,1,0,0,0,0,23,1
28.59608654207848,47.40582475559329,1948.432110328306,9,0,1,4.804036092763429,0,81.26777861557825,0,1,0,0,0,0,0,1
27.929216556120583,36.93753668910779,1372.9346071815594,8,0,1,25.00533483167402,1,91.14991229515994,0,1,0,0,0,0,1,1
24.27189629512494,35.32220515688982,1006.2276704100132,8,1,0,8.742295823636374,0,79.69723688154224,1,0,0,0,0,0,2,1
26.275698371215125,30.535389868038024,1152.175048516009,5,0,0,12.98449000792227,0,73.88836804426923,0,0,0,0,1,0,3,1
24.336223818027577,41.24731776348571,1826.268691471608,7,0,0,0.2177830019482252,1,74.97644951312583,1,0,0,0,0,0,4,1
24.469723503963845,49.28924731371001,1956.4534969668684,6,1,1,18.2815537861686,0,80.94999011077955,1,0,0,0,0,0,5,1
23.707597426615944,30.01597450346074,1569.6341366575257,3,0,0,23.11676456342053,0,63.92393849450811,0,0,0,0,0,0,6,1
26.208167154272225,38.81002665846098,1717.3928510996252,5,1,1,3.3144786934225623,0,80.79109195683546,0,0,0,1,0,0,7,1
23.3066143118699,56.64689276218478,1521.822118906464,2,0,0,17.138832434629734,0,79.07794498876416,0,0,1,0,0,0,8,1
20.25069573858048,43.91625232507904,1510.46423698009,8,1,0,14.238071087378444,0,74.11810022464476,0,0,0,0,0,0,9,1
28.34864105878755,35.04883730393866,1597.084581040188,4,0,0,3.137707241213445,1,78.7514888583306,0,0,0,1,0,0,10,1
24.928249309683597,31.61775716052685,1203.2590153885794,0,0,0,9.40050569511912,1,78.67500496466604,0,0,0,0,0,1,11,1
25.97635702196669,52.773956117420695,1664.667882432078,8,0,1,6.933419679115938,1,80.82165747071468,0,1,0,0,0,0,12,1
21.782147655314308,58.58237015724076,1815.3309565166865,8,1,1,3.5228078570988357,1,67.27265525670609,0,0,1,0,0,0,13,1
26.42216017505282,36.69538886283952,1940.011297139884,1,0,1,19.451103999658145,0,66.87386981538799,1,0,0,0,0,0,14,1
22.590737356806944,54.804951803719845,1368.3134359589376,2,1,0,19.709819753616703,0,75.02685535915874,0,0,0,1,0,0,15,1
20.39815823528528,30.153231229241623,1388.291326383776,3,1,1,12.127172923764338,1,76.22825756240682,0,0,0,0,1,0,16,1
20.06749864620427,30.35182674586485,1298.0477983885005,0,1,0,0.0694796955740584,0,68.44825119479881,0,1,0,0,0,0,17,1
24.139397577911257,57.57155113666142,1386.3766205731122,4,0,1,6.016476686249737,1,68.74994600668715,1,0,0,0,0,0,18,1
23.120543462271705,50.627431038605486,1312.2320862974673,9,0,0,16.029710422499008,1,76.43135425284179,0,1,0,0,0,0,19,1
22.205693452283384,46.233114529248425,1145.1384139838528,6,0,0,3.2006624832298813,1,80.01859200003511,0,0,0,0,0,0,20,1
29.477070231850288,59.39622953892751,1107.7718613926152,3,0,1,27.546823744102717,0,77.32851080574274,0,0,1,0,0,0,21,1
22.940281100035275,48.55911455754428,1688.1551783791558,9,0,0,0.498913289907652,1,73.08128158834285,0,0,1,0,0,0,22,1
21.416930979984983,31.5312216070165,1303.0123039687828,3,0,1,14.55090436012689,1,76.49106519530412,0,0,0,0,0,1,23,1
27.49746827670203,31.28281847871399,1147.7974477991445,4,1,0,1.1436816289725529,0,79.28141564158575,0,0,0,0,0,0,0,1
27.149860987206765,45.03310653071421,1235.9332415710448,0,1,0,24.073909099767437,1,73.47964081168632,0,1,0,0,0,0,1,1
26.74814311381064,31.90025415059748,1562.8903729776987,2,0,1,11.306450924035405,0,66.33714108671694,0,0,0,0,0,0,2,1
26.71214455777249,40.086379712086135,1934.2553864757908,4,1,1,14.188077218541816,1,81.85160554176544,0,0,0,0,0,1,3,1
29.087077631264044,55.72124086090402,1754.8143496915486,6,0,1,27.558189157363252,0,72.80526954832648,0,1,0,0,0,0,4,1
28.84601277771644,43.599785839377375,1113.0713543796371,4,0,1,3.798539423417302,1,74.51737038420895,0,1,0,0,0,0,5,1
24.982577673412933,38.75725353435492,1604.7995817812334,4,1,0,12.101592461636146,0,75.92716537758582,0,0,0,0,0,1,6,1
22.63029042271791,47.20063030754908,1685.3360765215923,2,0,1,7.360209905608597,0,73.02425358538392,1,0,0,0,0,0,7,1
26.048889415597323,30.2529491180166,1206.2488408328063,0,1,1,15.444621146870045,1,81.38526021881859,0,0,0,0,1,0,8,1
26.10448921296209,33.847447353036294,1072.9580673692124,0,1,0,25.6528345007534,0,77.79518407310698,0,1,0,0,0,0,9,1
24.150381121010756,45.95929179731429,1860.4508469375876,5,0,0,17.289189612499428,1,64.55218318369768,0,0,0,0,0,1,10,1
28.620161847450643,40.104237056078375,1824.8896707685649,8,0,1,20.766635790181635,1,81.8901146901959,0,1,0,0,0,0,11,1
29.93848322057124,57.73087568648032,1596.822747352604,9,0,1,28.75192312888996,0,90.00918791745602,1,0,0,0,0,0,12,1
20.1346228079444,35.859122809601445,1417.18037624125,2,1,0,28.60954736302674,0,68.4700833421926,0,0,0,0,1,0,13,1
24.2115865772396,37.9585969068838,1792.7198944974648,1,1,0,23.630190226277545,0,79.257313029097,0,0,1,0,0,0,14,1
28.905796143926157,52.564164664071725,1533.7253872408978,2,0,0,15.954740269135147,0,76.83539689058603,0,0,0,0,0,0,15,1
27.48661411858068,37.21532157557735,1260.061596862878,6,1,1,28.052190139406346,1,88.57727870029969,0,0,0,1,0,0,16,1
22.73250707402554,38.51530365957864,1759.9673775088484,8,1,0,15.879971788237912,1,73.28393544110416,0,0,0,0,1,0,17,1
20.07164772286796,48.81124507974531,1189.1420044698446,1,0,0,1.329763114255137,0,68.43520744444696,0,1,0,0,0,0,18,1
25.826213052660705,35.01392772324811,1770.4830454230394,1,0,1,8.815324989701205,0,74.09351699179453,0,0,0,0,0,0,19,1
28.18462274256209,51.848877434806695,1964.605687995167,2,0,1,27.96473873791464,0,73.20578305573105,0,0,1,0,0,0,20,1
27.53830307322784,36.16511406720546,1177.4164398296907,9,1,0,21.02984718979274,1,80.45955841711948,0,0,1,0,0,0,21,1
28.809743757906105,31.2086057407159,1630.5279602661965,6,1,1,19.35249045834917,0,98.76175414998474,0,0,0,1,0,0,22,1
20.314912580872885,44.10449498904271,1486.5543177326172,4,1,1,16.50687341841427,1,71.87972003300972,0,0,0,0,0,0,23,1
22.131944017432005,46.87685194469043,1232.6429322657036,7,1,0,3.726411067799469,0,77.5715959063305,0,0,0,1,0,0,0,1
23.886253371789486,57.39942542915991,1745.0026942275008,2,1,0,3.353160862349734,0,67.96327936750484,0,0,0,1,0,0,1,1
21.502921067896523,59.790441487523765,1234.0903635027066,0,0,1,10.36160899449994,1,69.33178402230232,0,0,0,1,0,0,2,1
22.76553909077793,41.41677493407828,1663.8554617224563,0,0,1,1.1181462185285485,0,69.07359498820098,0,0,1,0,0,0,3,1
29.643731582141363,43.95863614388401,1442.27491356243,8,0,1,27.17895038703294,0,98.84375583052464,0,1,0,0,0,0,4,1
27.28158674762989,54.12840021268828,1571.9648598426045,2,0,0,27.940174695544425,1,79.49779512537728,1,0,0,0,0,0,5,1
29.59394449401578,30.161939935131794,1994.037441159427,0,0,0,9.76499581087755,1,87.54904071367156,0,0,0,0,1,0,6,1
24.756777789627616,51.30005117343754,1595.4370554182565,4,1,0,25.896787780980983,1,84.95971162482081,0,0,0,0,0,0,7,1
21.145990496884576,48.9670151685187,1556.1353735434311,7,1,0,26.671520153539824,1,69.62319925097123,1,0,0,0,0,0,8,1
22.09220846493643,42.400939565641885,1908.3358852655067,7,1,0,16.65400998322016,0,76.4254060741374,0,0,0,1,0,0,9,1
25.771667608395543,54.7639034963719,1557.7674121504897,8,1,1,27.084015955071145,1,89.20534467992567,0,0,0,1,0,0,10,1
21.934041283702047,34.36804731350564,1071.2728821032024,7,1,1,21.08415685171864,0,74.95950368092542,0,0,0,0,0,0,11,1
29.199253314231555,48.58511627864109,1446.9077089745888,9,0,1,21.015299616296076,1,91.70325794178096,1,0,0,0,0,0,12,1
23.70223918698403,51.28069806803836,1784.53115695695,9,1,0,18.601040153236717,0,73.09132362166658,1,0,0,0,0,0,13,1
29.56555394506261,56.32454259660986,1619.482955934695,3,1,1,16.550265250747394,1,92.85040372930234,0,0,1,0,0,0,14,1
27.075284404141257,46.22075990562166,1284.9915194734813,7,1,1,16.760289621925292,0,86.26883863574577,0,0,0,1,0,0,15,1
20.43846410015249,47.20201305494823,1336.6280392885294,6,1,1,25.119364940668017,1,77.55394617007619,1,0,0,0,0,0,16,1
29.038956992659863,48.46870703704044,1860.1839822445827,6,0,0,23.78581752782516,0,78.92474327254632,0,0,1,0,0,0,17,1
26.43328930616935,53.3854022508422,1194.3832892694734,3,1,1,1.7118505885418225,0,74.38816585487947,1,0,0,0,0,0,18,1
27.99273036552685,32.15155705606512,1247.9384258428452,4,1,0,15.14034571568531,0,89.49271921516606,0,0,0,1,0,0,19,1
29.070533088506924,41.488720211785065,1944.6762998763368,0,1,1,7.615901216912727,1,79.78630032428333,0,0,0,1,0,0,20,1
23.579791680402767,30.50283983739837,1680.0421893584848,2,1,1,4.268375556846351,0,79.60206955029179,1,0,0,0,0,0,21,1
24.26128135468423,37.77295911215892,1093.7171402116562,8,1,0,25.44222326953757,0,74.92464777020584,0,0,0,0,1,0,22,1
26.118115570247543,43.02256193903126,1576.980678671664,2,0,0,5.335458010136476,0,69.36561643713308,1,0,0,0,0,0,23,1
20.00756508361767,41.51952182100692,1076.4324931321032,0,1,1,22.88154113009994,0,69.73709712547185,0,1,0,0,0,0,0,1
27.82597661117626,41.2123453470346,1076.4319663241756,0,1,1,7.632546117658378,1,83.06354933768394,0,0,0,0,0,1,1,1
29.42914998875048,34.76474986694723,1199.580150990145,4,1,0,28.009920282547963,0,78.13585396241895,0,0,0,1,0,0,2,1
29.99258027185114,48.88721859727136,1626.0003335931783,8,0,0,24.10197277691592,0,85.89515636120859,1,0,0,0,0,0,3,1
28.051128403210043,51.93560521955875,1769.601901542041,3,0,0,24.02927935394324,1,75.90956928254148,1,0,0,0,0,0,4,1
27.980854660103677,59.304351971356965,1891.048803943768,5,0,0,23.71194726092392,0,76.66893627962274,0,0,1,0,0,0,5,1
26.30848125294498,44.76515491709882,1431.949615690678,4,1,0,22.135425336795404,1,82.96533967112204,0,1,0,0,0,0,6,1
29.54518117452251,47.04959550061028,1214.0645797770424,3,0,1,21.808384965041068,0,83.01619774663669,1,0,0,0,0,0,7,1
23.15739484935673,47.704552288658746,1812.7957256686136,3,1,0,6.881748330629308,1,79.1237253482039,1,0,0,0,0,0,8,1
21.6376904684664,56.53215874226805,1235.6122944217889,4,1,1,3.081124652413276,0,75.31283757044484,0,0,0,0,1,0,9,1
29.6147790205029,37.12314738289009,1665.729591578449,1,1,0,3.3782068702284587,1,88.20706667134657,0,0,0,0,0,1,10,1
22.762116061860294,52.292166781480525,1465.7637068561262,1,0,1,24.99493609329951,0,73.5590518123568,0,0,0,0,0,0,11,1
22.65961906659234,45.55197539134731,1173.140649143108,6,1,0,10.93054212443041,0,77.84733817583752,0,0,0,0,0,0,12,1
26.981393247816506,59.45697848150574,1652.1446265232105,0,1,0,7.693715014097146,1,80.05988641915772,0,0,0,0,0,1,13,1
21.96121639520164,54.98949618706688,1947.4954247413864,1,1,1,5.472510924083145,0,73.8627328825861,1,0,0,0,0,0,14,1
23.114394312824405,49.686432123732175,1422.1394272789994,3,1,0,14.503905366089336,1,72.58267635779946,0,0,0,0,0,1,15,1
27.625083013478267,34.41915558000024,1903.193880071234,6,0,1,21.230064863595214,1,85.14000480874805,0,0,0,0,0,0,16,1
26.611840663066303,57.42525064014365,1084.43933941233,5,0,1,9.15078648262623,1,75.80524543517814,0,0,0,0,0,0,17,1
23.299273667636022,44.40950840202229,1103.2990600036733,4,1,0,14.592637941918532,0,70.55942710998752,0,0,0,0,1,0,18,1
22.310543009336595,57.011967365410015,1898.212784626228,3,1,1,15.759464741696808,0,73.4135680602193,0,0,0,0,0,0,19,1
29.88089749977135,51.594090180539055,1988.8485594372248,2,0,1,6.949313816760775,1,81.75602366870022,0,1,0,0,0,0,20,1
27.99737166789025,51.60868413370088,1747.426437440295,3,1,0,25.490113048046744,0,86.77321944203945,0,1,0,0,0,0,21,1
25.16973619964978,40.84694609571751,1466.3229757078302,2,1,1,14.298108307857174,1,67.2160954151652,0,0,0,0,0,0,22,1
24.49598369966365,58.37059510321824,1747.4872640224016,0,0,0,20.05985864495128,0,71.72715985552911,0,0,0,0,0,1,23,1
26.33692120986549,59.95006001218383,1516.9019112766732,5,1,1,3.715845169710304,0,82.49632388751793,0,0,0,0,0,1,0,1
27.60787650391726,58.64581142150556,1577.6617992405872,1,1,0,0.0643926827458696,1,76.73768631844267,0,0,0,0,1,0,1,1
26.52983759198383,51.74017409807628,1029.7361736004475,3,1,1,25.289462120614388,1,93.21841404930304,0,0,1,0,0,0,2,1
21.905272176615327,56.233381450685926,1149.302505735173,1,0,1,5.031505202544723,1,78.39455065208094,0,0,0,0,0,0,3,1
24.47000759767877,56.055887945403775,1495.775130124253,4,0,0,22.58215550807682,0,68.49891727822094,0,1,0,0,0,0,4,1
26.035928837340663,54.84866880763252,1473.1333171841716,5,1,0,4.991556749946772,0,73.6236893035594,0,0,0,0,0,1,5,1
27.62168629025888,57.46459560727666,1294.080096409592,1,1,0,23.02680345156318,0,84.16006699905145,0,0,0,1,0,0,6,1
23.659695396513417,34.09427409092388,1403.3726672542996,0,0,1,20.59235705966224,0,71.95239611852183,1,0,0,0,0,0,7,1
28.253687926194008,53.14133165053839,1940.8988192813872,0,0,1,13.74323808715648,0,86.85307892429685,0,1,0,0,0,0,8,1
23.29192838163296,52.13917932411496,1249.7397170946444,2,1,0,23.03488279659064,1,76.96119913359442,0,0,1,0,0,0,9,1
23.512909501516184,38.97781596649449,1810.873506347028,1,0,0,3.1224838231141447,0,64.73408495868908,0,0,0,0,1,0,10,1
20.818448560599663,39.2879234253257,1734.9232264019506,4,0,1,24.29104500858591,1,60.71934920375879,0,0,0,1,0,0,11,1
24.25857105842617,32.21080270162369,1210.199640455469,1,1,0,2.0578318618821543,1,79.53641349473892,1,0,0,0,0,0,12,1
22.85909309294393,54.96598679410589,1582.262684542086,2,0,0,19.4666514093171,1,71.89591789087714,0,0,0,0,1,0,13,1
27.872883354574185,57.02119197421558,1280.5104651270196,2,1,0,3.293067265864489,1,82.2988006202536,0,1,0,0,0,0,14,1
28.82222696248394,36.07354817760383,1581.5527681118588,9,1,0,28.184902770905992,1,86.26459141524661,0,0,0,0,1,0,15,1
26.48049983323014,46.1782262074349,1723.8442190286696,1,1,0,2.051055083555341,1,77.18138142626093,0,1,0,0,0,0,16,1
27.18535072644545,33.58135304010558,1457.566456141788,4,1,0,4.312260963138587,0,88.35160574829843,0,0,0,0,0,1,17,1
28.10871691507556,38.08648856929087,1933.5477565650156,0,1,1,26.074014072169888,1,79.6683096222516,0,0,0,0,1,0,18,1
24.678159200816985,50.18479374821999,1896.72144417749,6,0,1,7.288807657021619,0,75.38754513746487,0,0,0,1,0,0,19,1
25.154023578344663,37.59348909576118,1869.5985483259635,6,0,1,5.176600386842958,1,79.43136341116085,1,0,0,0,0,0,20,1
27.9191584733416,59.95451433327965,1511.2814704716093,8,0,1,3.736501174659717,1,90.89850706078848,0,1,0,0,0,0,21,1
20.481908433295693,35.045495691396304,1897.4565851443283,3,0,1,19.672289924493352,1,58.82047314243,0,1,0,0,0,0,22,1
21.158264523278955,59.85922163855052,1534.536861609453,0,0,1,20.57034941022274,1,63.87592665995615,0,0,0,1,0,0,23,1
28.18426785949478,41.70193860807349,1861.8763334422808,3,1,0,0.4876699776505411,1,92.37619236149315,1,0,0,0,0,0,0,2
26.98344484146845,45.603420189035305,1394.2571746784497,5,0,1,12.696882277230484,0,78.40883003590025,0,0,1,0,0,0,1,2
21.53636417400153,54.37553320435407,1740.0478370226792,4,0,0,24.019402509178157,0,67.42856121374454,0,0,0,1,0,0,2,2
28.08994591292953,42.00546783907772,1808.636054642771,6,0,0,0.993962544972824,0,72.95782970185579,0,0,0,0,0,0,3,2
27.89823981432385,41.32992611786696,1354.5722357559737,9,1,0,14.305942079928858,0,84.57865296861532,0,0,0,0,0,1,4,2
28.295123420876777,42.78462936511858,1141.1617254944274,1,0,0,9.48789903762052,1,61.49139444812299,1,0,0,0,0,0,5,2
27.56570565910256,41.41368170676517,1300.931749690279,8,1,0,28.173942696744533,1,88.92697402276784,0,0,1,0,0,0,6,2
20.544784946049848,44.47699544364728,1299.809320259612,9,1,0,1.057615135788823,1,73.05025239553935,0,0,0,0,1,0,7,2
26.00147198097815,38.59812919662812,1825.595685889817,7,1,1,9.576102868627194,1,81.88643449439485,0,1,0,0,0,0,8,2
21.2120286729941,53.08541654150015,1959.698367250076,1,0,0,15.45778204209416,0,58.24209602013117,0,0,1,0,0,0,9,2
24.397564439301657,58.18814022099643,1562.444979527463,4,1,1,20.731727490361894,1,75.1212922278161,0,1,0,0,0,0,10,2
29.297663074028627,47.3511033248129,1035.003809718349,7,0,0,1.0226360916985244,0,85.90455015626561,0,0,0,0,0,0,11,2
25.601552066483784,56.72951451268911,1667.7288826519282,3,0,1,16.455400575163488,0,76.74886744332281,0,0,1,0,0,0,12,2
24.67189416847147,38.46964242478776,1319.526097452381,1,0,1,1.120455214494139,1,64.20732944502826,0,0,0,1,0,0,13,2
20.22512832253564,58.49865436329298,1590.2864786400585,5,0,0,22.93203165619756,0,56.8498285541253,0,0,0,1,0,0,14,2
29.65387961027392,33.01159594665208,1369.8112733077107,0,1,0,28.74112042866929,0,87.79268634679283,0,0,0,0,1,0,15,2
25.650962933275828,56.066408451002346,1737.559704860498,5,0,0,0.3265336013958098,1,71.45984361527782,0,0,1,0,0,0,16,2
25.64901832175352,57.80122107396425,1126.8202268830926,6,0,0,15.2914998908365,0,73.9768404279642,0,0,1,0,0,0,17,2
24.718255043439083,59.49961628186696,1269.549770571582,8,1,0,26.241112125038164,1,76.26762690060934,1,0,0,0,0,0,18,2
28.893682356464048,44.82811340284312,1834.515560164445,7,1,0,19.047321137313656,1,90.01825906112286,0,1,0,0,0,0,19,2
25.215366866623462,58.63396634552838,1604.7934846194075,5,0,1,14.73493704136824,0,79.76646360598038,0,1,0,0,0,0,20,2
24.58577372088122,36.11300246352433,1210.5364584854522,5,1,0,27.444017286553493,0,87.17029521230282,0,1,0,0,0,0,21,2
24.375952879094264,34.52068966283053,1401.9603866237562,9,0,1,0.7293895303422715,1,80.87061710074885,0,0,0,0,0,1,22,2
26.252275954440307,46.65924797895971,1616.263003181914,8,1,0,8.268862333847524,0,88.08448919703298,0,0,0,0,0,1,23,2
25.43132663832852,45.75602507990048,1664.42710810902,2,1,0,4.518700212477709,1,75.22014747070905,0,1,0,0,0,0,0,2
29.649917255382277,56.292870357980505,1113.9094481755826,9,0,1,29.53506279985944,1,81.22613097183303,0,0,0,0,0,0,1,2
24.01919803253992,56.048665183860194,1999.7509809131968,0,0,1,19.926802955370015,0,72.72344605181073,0,0,0,1,0,0,2,2
26.265252934294388,41.64147115143216,1827.5570546236384,3,0,1,9.842528544809854,0,87.19432933388649,0,0,0,0,0,0,3,2
20.46336939888204,56.84802550848249,1071.210544755151,5,1,1,8.895921991889269,1,75.5245962799521,0,0,0,0,0,1,4,2
28.964697914030687,59.25342592811271,1974.215469940778,9,0,0,29.82152118923934,0,86.73987202658985,0,0,0,0,1,0,5,2
26.701124713118123,55.33088023522201,1803.08855970664,5,1,1,29.56923906547509,1,83.52743893947023,0,1,0,0,0,0,6,2
20.08653775204844,51.563108760142,1872.9605697885331,4,0,0,16.875851561277933,0,77.28728399091317,0,0,1,0,0,0,7,2
25.754692492283866,49.21120908964316,1111.3924881135454,1,0,0,5.647207550606103,0,70.97033275219684,0,0,0,0,0,0,8,2
27.30160658005784,57.97120944168793,1250.386626124282,8,0,0,3.496471017393413,0,77.39459750442413,0,1,0,0,0,0,9,2
23.798703060875116,57.170286449254974,1605.7300931983714,7,0,1,4.2096399925531856,1,64.48440467256711,0,1,0,0,0,0,10,2
23.926434927118983,56.132831594120034,1923.904181693366,0,0,0,24.314704038830087,0,66.07285097614827,0,0,0,0,1,0,11,2
20.97384228015688,31.83859336634332,1296.114638110008,6,0,1,18.32007179061631,0,72.70629943619927,0,0,0,1,0,0,12,2
21.51112995363889,44.1249493525861,1385.8989769428313,9,0,1,19.80173924916788,1,70.34077898269254,0,0,0,0,1,0,13,2
27.43684093818028,55.004113032031725,1346.7389448678557,6,0,0,20.373884096351677,1,81.00413677469648,0,0,0,0,0,0,14,2
25.955457362671957,38.28930150975511,1580.4552445259214,2,1,0,28.80033984484633,0,78.44143059054966,0,1,0,0,0,0,15,2
23.267612083668716,57.28260369839348,1238.535946776169,3,1,0,9.546885519878712,1,73.0904401535243,0,0,1,0,0,0,16,2
21.229194500363118,39.553231484505936,1415.605055458933,7,0,0,5.221335897924689,1,67.92958882919045,0,0,0,0,0,1,17,2
28.494737984482548,51.32805726653381,1321.5454186505997,4,1,1,7.354698262547106,1,91.94462323675108,0,0,0,0,1,0,18,2
23.154947736256005,47.3637661668194,1164.5411174473206,5,0,0,0.5158535126685349,0,70.06946028805963,0,0,0,1,0,0,19,2
20.65751335890989,46.0731874941838,1784.3851594948185,2,0,1,26.609392513111278,1,68.97311365871171,0,0,0,1,0,0,20,2
24.181085113548967,50.4767901455631,1871.1484046086596,9,0,1,20.251679703638533,1,81.74305152381166,0,0,1,0,0,0,21,2
22.717299723189683,34.68639799817087,1959.06988313264,6,0,1,21.79788892866165,0,71.40042116378686,0,0,0,1,0,0,22,2
22.969477185193245,39.75044650775796,1621.901561417348,2,1,0,25.966926599555297,1,69.56545394077557,0,0,1,0,0,0,23,2
28.72151326308368,43.15596607489134,1762.9344110639338,7,1,1,17.35995705034709,0,87.72153704712844,0,0,0,0,0,0,0,2
26.82303657982087,39.00066354052548,1998.439524928261,3,1,0,23.66253403252453,1,88.54690591648122,0,0,0,0,1,0,1,2
23.62926205359794,50.65102665074453,1290.9855914872012,2,1,0,6.106943606639699,1,74.44998449163582,0,0,0,0,0,1,2,2
20.584890895456468,39.25838878250501,1831.010382159734,0,1,1,17.17372535546569,0,69.19314437729022,1,0,0,0,0,0,3,2
25.50999331457151,35.47907375395834,1950.3554863068805,8,0,0,23.2690326745047,0,88.5967232615058,0,0,0,0,1,0,4,2
22.762376115605093,43.31272490719872,1803.3592573979824,6,1,0,7.930077246257497,0,73.58727585286015,0,0,1,0,0,0,5,2
28.53358764899384,37.00306502876329,1697.399119526984,1,0,1,7.059706988374263,0,75.74823226548786,1,0,0,0,0,0,6,2
23.939925926350437,32.8044340598289,1712.3883642408337,5,0,1,14.24899443088276,0,73.12946992092232,0,0,0,0,0,0,7,2
25.56660938552816,35.101091433508685,1535.812087703716,8,1,0,3.849353664204735,0,82.91047044499858,0,0,0,0,0,1,8,2
24.083612178804955,36.47497749920837,1924.2659297517807,0,1,0,23.00780546116285,0,68.2724094726897,0,0,0,1,0,0,9,2
24.73966174833608,45.58300763801399,1668.3766806851254,2,0,1,20.60776973834375,0,71.58316625639407,0,0,1,0,0,0,10,2
20.04435657061076,30.652185832462504,1038.8319597464745,1,0,1,13.501089888145472,0,67.22109967935921,0,0,0,0,0,1,11,2
20.993994308995678,39.41378760173461,1294.8281864184978,3,1,0,28.08948168765453,0,80.08033043757187,0,0,0,0,0,0,12,2
26.091473296151467,53.961200221500114,1722.175641525212,9,1,0,19.66573562018493,0,74.24422105290891,0,0,0,0,0,1,13,2
28.01246676220017,46.211687085875134,1637.200243035731,5,0,1,10.5224480434889,1,87.80952509705592,0,0,1,0,0,0,14,2
28.54278846797212,36.45162732434207,1088.1122287357869,8,1,1,5.477964582451403,1,86.32516881485017,0,0,0,0,0,0,15,2
28.40811945164571,37.883921710866446,1457.6022452936934,8,1,1,29.223160598441265,1,84.79082442841512,1,0,0,0,0,0,16,2
22.99570812008609,45.79452841319959,1136.1235300655703,3,1,1,15.449531668944614,0,66.23213006617978,0,0,0,0,1,0,17,2
20.83318351509932,56.66324712243386,1273.1784736466725,3,1,1,6.310262201889189,0,71.54282748274463,0,0,0,0,0,0,18,2
25.783239146637584,51.60966187778498,1556.7754404149844,7,0,1,13.191075703520648,1,79.55821443033956,0,0,0,0,0,0,19,2
21.511258225028264,35.197888624435315,1420.1449979181173,9,0,0,2.779646351534825,1,62.95025497941604,1,0,0,0,0,0,20,2
21.94897546097125,55.60056774490109,1514.8018995823502,6,0,1,27.83673545911293,0,66.18474115033203,0,1,0,0,0,0,21,2
26.014880457687667,35.75740518851904,1773.019736921131,0,0,1,19.55403569304262,1,83.07569262795542,0,0,1,0,0,0,22,2
25.19169167128519,47.51943830639259,1192.604027554367,2,0,0,24.853824252440305,1,71.48229016652637,0,0,0,0,0,1,23,2
28.265045428003493,56.79329233124146,1932.134583480252,6,0,0,26.319443392014648,0,83.3840260933279,0,0,0,1,0,0,0,2
24.507549666190734,42.966826202719794,1328.1527802378744,1,0,1,4.1994811563327605,1,73.2698957693604,1,0,0,0,0,0,1,2
24.288713865115295,48.367446485294096,1906.0239148678024,7,0,0,20.003911994290352,1,70.20728102641631,0,0,0,0,1,0,2,2
24.071036139656545,39.90131155108404,1312.2732865592204,3,0,0,3.7351084393637466,0,66.304863051861,0,1,0,0,0,0,3,2
24.10334512155624,35.69211299857928,1051.09098455048,0,1,0,10.888456216844226,0,74.97728056174398,0,1,0,0,0,0,4,2
21.571152670794994,58.05856667437874,1426.7746770365495,7,0,1,1.961229419377113,0,74.38874933629147,0,0,0,1,0,0,5,2
28.285639244378142,56.60383216167132,1961.1199619164024,3,1,1,27.28387929586477,1,86.12234939542616,0,0,0,0,1,0,6,2
23.78426829334264,32.47064632823546,1352.643047378676,8,0,1,6.278132281530264,1,67.89021820853577,0,0,0,0,0,1,7,2
21.79774133121483,52.26493181789237,1133.2308845037935,3,1,0,10.277351234193992,0,75.97826561353159,0,0,0,0,0,1,8,2
21.42627021221907,30.231788661726977,1942.9796916642003,8,0,0,16.039855497814624,1,76.68428383317388,0,0,0,1,0,0,9,2
29.052975936830265,40.75143673673012,1233.309970624397,2,1,1,27.47079845738412,1,83.05468483972078,0,1,0,0,0,0,10,2
28.76532890599406,34.66679753614381,1739.9733267623794,9,1,0,29.57115103164193,0,96.4521433678922,0,0,0,0,0,1,11,2
22.540831425400533,34.8481298188913,1895.415687484743,7,0,0,15.038440568056046,1,80.20604150306539,0,0,0,1,0,0,12,2
26.55022702301057,50.419698375007904,1113.8792938215645,2,1,0,8.53627620157115,0,81.27375409650702,0,0,1,0,0,0,13,2
28.92838671894516,41.1028925110002,1652.3281512563613,9,0,0,27.91531848182847,0,88.20566274109716,0,0,1,0,0,0,14,2
24.37054662323201,43.78369053471449,1358.560009369,3,1,0,26.375596333892,1,79.60890866210994,1,0,0,0,0,0,15,2
20.64682792210582,58.47525367051642,1233.718600824542,2,0,1,7.77522817983497,0,61.39888771817561,0,0,0,1,0,0,16,2
28.95982955890242,38.063145082415,1191.0726173617916,2,0,1,23.51337677148352,0,83.78843868251245,0,0,0,1,0,0,17,2
28.33608115315527,47.13751072274725,1696.0024007906145,0,1,1,18.71482567709948,1,87.35825906953346,0,0,0,0,0,1,18,2
29.229004665925647,56.383165484097546,1803.7767808955275,1,1,0,3.412664930936682,0,84.58918212006182,0,0,0,0,0,0,19,2
26.718430714380112,32.282470855349274,1735.3178854127395,5,0,1,22.309695677978045,1,80.05588357031704,0,1,0,0,0,0,20,2
24.56759848627673,42.836721550953314,1217.023517241705,9,0,0,25.350625644892823,1,74.61537841018321,0,0,0,1,0,0,21,2
25.38193875843749,51.104866012830215,1709.68048079528,7,0,1,19.034463667538944,1,74.86247537123884,0,0,0,0,0,0,22,2
29.38146069172392,44.66527945970985,1565.5609581758022,8,1,0,11.194146205607254,1,93.15131327422893,0,0,1,0,0,0,23,2
28.79814763436293,44.18603881440978,1160.5079245891066,6,0,0,25.1878192095362,0,84.37745792736945,0,0,0,0,0,1,0,2
26.580330970873096,46.390394485948775,1665.3254833263572,2,1,0,29.74952631639369,1,80.01859291511454,0,0,1,0,0,0,1,2
29.63049974555876,47.16853618342649,1507.918550169706,9,0,1,24.39504128986452,0,91.62295101595932,0,0,0,0,0,0,2,2
28.45055923907303,32.84903053122797,1152.232412916743,2,1,0,4.758403058000125,1,77.51480500128586,0,0,1,0,0,0,3,2
25.22320754761543,48.46967069579303,1930.337803633956,7,0,0,21.177308948685617,0,79.13007292495517,0,0,0,1,0,0,4,2
24.090883775103624,49.08952831109433,1014.0273739300052,6,0,1,20.683270116213965,0,78.48401742479824,0,0,0,0,0,0,5,2
26.716131858354345,57.3476975198692,1540.881405403136,1,0,1,12.275893858545883,1,85.89818605259556,0,0,0,1,0,0,6,2
24.00783052077012,58.43655229629276,1119.8457364537196,2,1,0,17.639878469055013,1,83.40112430029193,1,0,0,0,0,0,7,2
25.168296440898544,40.02654786061318,1632.958668155276,2,0,1,2.366881410373184,0,63.21657676999636,0,0,0,0,0,1,8,2
22.27739105770521,39.72838496422952,1458.9692288182223,3,0,1,25.775954669535004,1,73.22462576690991,0,0,1,0,0,0,9,2
25.606914395280437,46.00865181734159,1777.5295560892314,8,0,1,3.1231979243557406,1,81.0498032003968,0,1,0,0,0,0,10,2
25.34790012406921,32.93935539278552,1806.37649246825,4,1,1,15.39004348546673,1,79.19585224486673,1,0,0,0,0,0,11,2
28.797385106003063,44.39125351816332,1505.0126952823568,3,0,0,17.87913625487804,1,88.29431991830587,0,0,1,0,0,0,12,2
27.5106612489924,32.4206723729723,1395.7558288321925,0,1,1,12.36940920426493,1,82.97342334090565,0,0,0,1,0,0,13,2
21.67499211811761,35.9168253396105,1151.4284206514017,8,0,1,9.794713590442273,1,72.92881578485913,0,0,0,0,1,0,14,2
27.88820532665175,48.11592236709609,1413.0566504365772,9,0,1,19.88257833870929,0,81.49782675728483,0,0,0,1,0,0,15,2
22.010422101842103,54.23916764978746,1558.202860073683,3,1,1,10.369966869282688,1,69.23100378261557,0,0,0,0,0,1,16,2
23.12435844002117,43.10017333240352,1369.646668894846,5,1,0,26.001577250355265,0,75.86536113995702,0,0,0,1,0,0,17,2
29.08737283403827,37.30496714959378,1315.3892269265868,0,1,1,28.472737222904428,0,91.75553909552632,0,0,0,0,1,0,18,2
26.04721462393987,35.85152786311532,1724.8050259920003,5,0,0,23.91339127268161,1,85.13385609164183,0,0,0,0,1,0,19,2
26.987897969882667,56.78537996728588,1149.6563310690162,0,1,0,7.502223781116228,1,82.56068812241381,0,1,0,0,0,0,20,2
21.096889670780293,47.19790617165231,1353.0032188672503,9,1,1,28.51762602217769,1,67.73072438312461,0,0,0,0,0,0,21,2
29.740914785129632,34.117049791653926,1922.8828238226235,5,1,1,28.439488152049524,1,96.12930554206513,1,0,0,0,0,0,22,2
21.17484268697057,32.80046310745006,1119.144615746237,8,0,0,26.392052188772748,0,70.8375887326964,0,0,1,0,0,0,23,2
26.608481647020067,48.62548456129787,1396.9781554726917,6,1,0,26.78455779318059,0,80.98170779606365,0,0,0,0,0,0,0,2
20.03628740687197,38.6875853627176,1338.633407451246,0,1,0,25.773465154459394,0,65.35606147127491,0,0,0,1,0,0,1,2
22.718206905120223,59.72982547050096,1727.5634947445246,2,0,1,13.502205653541935,1,72.04003409880633,0,0,0,0,0,1,2,2
24.981070435902684,40.59712349927073,1774.370613809544,1,0,0,28.872774799181663,0,77.12078031501296,0,0,0,0,1,0,3,2
21.766912262341457,53.67990211146456,1117.8516518538418,7,1,0,19.928967029663227,0,75.3485357126041,0,1,0,0,0,0,4,2
26.33652802036969,38.57671252600284,1351.894372311945,2,0,0,4.689326676108328,1,71.39760851441484,0,0,1,0,0,0,5,2
27.759536602699328,46.74498698609434,1676.765749498617,1,1,1,4.793696323086703,0,86.08527010293754,0,0,0,1,0,0,6,2
28.357718756092574,42.09815575041483,1974.8436602877036,3,1,0,14.912972125995896,0,93.38115408031368,0,0,0,0,0,1,7,2
29.95881392640869,55.9701846276141,1418.618420957192,1,1,1,3.530509655990701,1,96.8270154708628,0,0,0,0,0,1,8,2
25.048835136845604,59.93870799154642,1655.8797827805963,8,1,0,20.036705023758287,1,80.8873063825119,0,0,0,0,0,0,9,2
22.595292162458065,33.60949471703199,1013.537570531,1,1,1,18.217540366293274,1,69.22037410972067,0,0,0,0,1,0,10,2
24.009127211462506,45.67662693413814,1661.5660384174323,5,0,1,14.08588548843522,0,60.91932103225366,0,1,0,0,0,0,11,2
22.36843591185844,38.06663189238861,1244.27776793927,6,1,1,29.363087075585103,1,75.53856591079501,1,0,0,0,0,0,12,2
27.539516297433,50.86960691615853,1202.4962831347548,8,0,1,13.923894793464369,0,79.79984375099583,0,0,0,0,0,1,13,2
20.24443340170681,39.79680336618235,1366.3489811337297,1,1,1,22.45303239660099,0,71.54910416615894,0,0,0,1,0,0,14,2
29.017834862858397,32.13479335537467,1990.9980635862323,2,1,0,0.2998616631399131,0,84.69091054055431,0,1,0,0,0,0,15,2
26.379174948546904,56.62360534957462,1504.3401342153577,4,1,1,13.042606151754043,0,83.60757994011098,1,0,0,0,0,0,16,2
27.131069911889306,54.302340463240114,1728.830512757348,6,1,0,14.439097141695765,0,75.65001746965481,0,0,0,0,0,1,17,2
24.411232283240945,38.300528506168064,1657.3946729230952,1,1,1,28.864791543225103,0,75.87689147812918,0,0,0,1,0,0,18,2
24.3796256319431,39.06644928446708,1875.185346100914,6,1,1,3.872284597342439,0,81.09720608682159,0,0,0,0,1,0,19,2
20.685806589502896,45.27762438405567,1943.3887513705367,4,0,1,1.3545926388360696,1,65.30920333087973,0,0,0,0,0,0,20,2
26.30282119951243,38.02779940287101,1660.8241778599613,3,0,1,14.86998234329354,1,76.12563633762042,0,0,1,0,0,0,21,2
23.208127979847603,50.52298821298316,1576.650230731862,8,0,0,23.509792686665968,0,73.72564333172613,0,0,0,0,0,0,22,2
23.466028675152423,58.221878031247705,1548.1842128529338,8,0,0,5.386863015116223,1,70.17277013664147,0,0,0,0,0,0,23,2
22.46008002399862,49.5921097571792,1842.1108366991552,7,1,0,13.609143218106292,1,67.4671913764481,1,0,0,0,0,0,0,2
21.924342393997087,46.18612734159749,1495.4706718690811,5,1,0,18.037227529782,0,76.65420850037307,0,0,1,0,0,0,1,2
23.97881545346942,35.23788799377595,1567.5878225738916,5,0,1,24.21464207422122,0,74.08847512819422,0,0,0,0,1,0,2,2
22.73120326184565,52.43176710227003,1353.6937557728097,3,0,1,2.744190045006676,0,70.68157321525482,0,0,1,0,0,0,3,2
29.678982565722404,56.63671440874792,1977.6384877309133,2,0,1,5.751481334347442,1,89.39200618617744,0,0,1,0,0,0,4,2
28.343899535201125,50.747626883594975,1345.8167755377249,0,0,0,29.94471443142472,1,82.97682702420613,1,0,0,0,0,0,5,2
23.75753049405686,32.637693888999905,1131.5959618534448,9,1,1,8.01588239563828,1,82.21006924138484,0,0,1,0,0,0,6,2
21.7614010907956,32.85550264388428,1521.870373575262,2,1,1,16.450200011951765,0,73.55268633093475,1,0,0,0,0,0,7,2
21.210963225676988,54.61357019700414,1698.853155745332,5,1,1,5.968208255945728,1,77.21726257918638,0,0,0,0,0,1,8,2
20.97957692628264,49.98834659489493,1495.3817607892324,0,1,1,12.51692594407243,1,75.6426657882866,0,0,0,0,0,1,9,2
26.546250733650165,41.28842308563003,1870.8443674668265,6,0,0,10.218423476786976,0,79.10797904501618,0,1,0,0,0,0,10,2
22.61562250076103,59.66429932185956,1249.8563908879178,4,0,1,29.745693474658868,0,72.99207937332126,0,0,1,0,0,0,11,2
21.86244659457305,41.16892154978128,1858.0259402878228,0,0,0,11.792013148772622,0,67.25414245900059,0,0,0,1,0,0,12,2
24.52626836054921,47.72876262179143,1810.4812488684895,4,1,1,8.67012643591432,1,80.13297259872593,0,0,0,0,0,0,13,2
26.0359793463165,44.44486872832282,1558.7060387655858,4,0,0,4.739846596429011,0,77.5451627844336,0,0,0,0,0,0,14,2
22.390822256816417,41.21184932163558,1672.3637083549568,8,0,0,29.77018612011843,0,73.93699973318839,0,0,1,0,0,0,15,2
25.724310586296724,48.9977053712958,1839.5387942810612,9,1,0,28.34469105620677,0,90.68396397094024,0,0,1,0,0,0,16,2
28.739214260468977,40.61356445585555,1581.0282194078345,8,1,1,17.375717314754322,0,84.48618077210722,1,0,0,0,0,0,17,2
29.98347789637895,52.30399569005285,1493.7977285382242,0,0,1,1.4099841105148705,1,74.65312777725045,0,0,0,1,0,0,18,2
27.47582657895299,36.33066209578509,1013.0727137306956,1,1,0,22.891633655112425,0,76.26071511837159,0,0,0,0,0,1,19,2
24.21722998310255,45.40964841020213,1407.6944845609275,1,0,0,8.746844754376642,1,64.04592358287672,0,0,0,0,1,0,20,2
22.921286306580487,45.04984296745948,1770.6582003131398,4,1,1,19.45268155310656,1,77.31037564861082,0,0,0,0,1,0,21,2
21.351513328168377,48.12040521326014,1134.8050608355093,6,0,1,24.55457558140604,0,74.94897980032893,0,1,0,0,0,0,22,2
24.34701565742385,42.80966917963363,1361.5085712086416,0,1,1,24.44339853629041,1,78.70128232907643,0,0,0,1,0,0,23,2
29.966554387641963,40.787982712146935,1770.7187332658343,9,0,1,27.68349878479215,0,85.17024089526305,0,0,1,0,0,0,0,2
23.895524028826244,41.99854405784002,1297.522810254579,8,1,0,13.580306442789258,1,83.94589322772642,0,0,0,0,0,1,1,2
29.28538259470316,58.63841889020042,1681.2956228655496,0,0,1,18.16163842914182,0,74.34243803823186,0,0,0,0,1,0,2,2
27.22762839103165,50.83306666100962,1012.1742132369736,7,0,0,16.854584019556594,1,84.74009750298251,0,0,0,0,0,0,3,2
28.986939634701088,55.726511080819954,1114.4058854068517,8,1,1,6.215048525168142,0,95.5707996894436,0,0,0,0,0,0,4,2
25.520464254853323,51.50257537307636,1024.292133936398,1,1,0,2.405428678677297,0,79.29740483103579,0,0,0,0,0,1,5,2
20.874724426749665,36.72812961281935,1736.058940047972,7,1,0,27.85375448898779,0,66.56248893051789,0,1,0,0,0,0,6,2
23.378970650266723,55.594275792901634,1728.007727185361,6,1,0,10.96517091492682,0,83.39737387132985,0,0,0,0,1,0,7,2
25.97384508949954,55.79231403751308,1958.3789349821072,4,1,0,3.7672373923389015,0,84.07356121613094,0,1,0,0,0,0,8,2
22.264566775822413,40.73575248864838,1315.02431090318,1,0,0,20.540905795591527,1,68.01886834133008,0,0,0,0,0,0,9,2
25.51182603130946,57.98447619084983,1256.2779599443409,6,0,0,20.0821586248164,0,79.29216968690613,0,0,0,0,0,0,10,2
24.376774841092228,47.06261506787399,1269.57325004197,8,0,0,16.22260812323557,1,72.42289482353563,0,0,0,0,0,0,11,2
26.773583466597007,42.8745625042613,1645.1461286676474,0,0,1,11.102962929577693,1,78.65715747769653,0,0,0,0,0,1,12,2
28.36480085636243,49.048739863844325,1766.2695206303051,9,1,1,7.318066703223574,1,92.0584687253053,0,0,0,0,1,0,13,2
24.10295422074372,30.905798412343017,1214.957598331912,4,1,1,3.0409405178565576,1,73.4805150982396,0,0,0,0,0,0,14,2
21.257015771694768,35.176720766078255,1702.4940285110015,1,1,0,24.245573853513527,1,75.18282328680533,0,0,0,1,0,0,15,2
23.50914938235719,50.84867785480003,1039.048417963324,0,0,0,9.273329852173154,1,72.96232564251345,1,0,0,0,0,0,16,2
22.928908915882403,31.499457238555436,1173.1910871938196,1,0,1,6.904323498814885,1,79.48897674468682,0,1,0,0,0,0,17,2
20.96663059549269,57.77128542145584,1197.5542255381406,6,0,1,12.172996730724767,0,71.9759077409931,0,0,1,0,0,0,18,2
24.83132370289518,57.25345492298855,1521.8162331852964,7,0,0,21.177862985274043,0,70.05016651805498,0,0,1,0,0,0,19,2
29.96347007524853,45.00621224033463,1402.850557105097,6,1,0,27.551567865401104,1,88.62840258913243,0,0,0,1,0,0,20,2
22.757237527227808,36.16652806401233,1338.9930339376256,9,1,0,9.30183138667508,1,74.72368766729738,0,0,0,1,0,0,21,2
29.998670840983927,40.24384223668836,1866.0743662744624,3,1,0,21.104849918666567,0,86.84048949236032,0,0,0,0,0,1,22,2
27.44671039415382,54.860618093689496,1072.0455380092155,6,0,1,16.051622881431978,1,74.32750630049969,0,0,0,0,0,0,23,2
20.279353479177804,44.43645509814304,1631.173685910648,4,1,1,12.66861024928108,0,63.29866799894341,0,1,0,0,0,0,0,2
29.607942783409307,53.48252630700031,1458.12578511658,0,1,0,11.73341647598219,0,90.27979417843638,0,0,0,0,0,1,1,2
24.12651879361669,30.768443342848915,1855.89736749326,2,1,0,28.53311776463152,0,71.08156769592276,0,0,1,0,0,0,2,2
21.815877575139943,44.574549137914886,1706.6345950972752,0,0,0,7.475806636105,0,65.4436109901146,0,0,1,0,0,0,3,2
23.11871541683067,56.4358209800436,1069.257636864875,6,1,1,26.020213177225884,0,72.51223872311743,0,1,0,0,0,0,4,2
21.650388242215826,48.94623968430048,1928.157762416269,0,0,0,13.491121319749404,1,64.627594677649,0,0,0,0,1,0,5,2
21.111811878587236,58.7689594991109,1929.9234754214583,6,1,0,28.28447642239085,1,69.59831784607292,0,0,0,1,0,0,6,2
24.80157847874736,48.89517137239552,1456.4218445214408,4,1,1,19.82627632272248,1,75.91929167459848,0,0,1,0,0,0,7,2
28.52216971099245,39.95780968517231,1633.900947621044,3,1,1,10.28731907302163,1,90.07860083748253,0,0,0,1,0,0,8,2
24.545243028110026,46.3244944557886,1776.6700185299362,6,0,0,28.88555814914817,0,79.8130611608758,0,0,0,1,0,0,9,2
24.778758105110587,39.14501528801479,1720.424125578008,9,0,0,14.276384690957885,1,72.35976105738673,0,0,0,0,0,0,10,2
27.589471682490004,40.46900315991283,1521.920053996506,8,0,0,8.235998294992218,0,83.13482273943058,0,0,0,1,0,0,11,2
22.338107617247974,52.79628694252765,1935.5809174833164,5,0,0,18.68375439725792,1,69.88707787274514,0,0,0,0,0,0,12,2
28.543204779769567,34.14247653243614,1284.661811863686,5,0,0,24.01474336880814,1,79.68546683354299,0,1,0,0,0,0,13,2
23.159549117126083,32.39728726337388,1013.9939629217744,8,1,1,27.02675522784437,1,85.94836369953953,0,0,1,0,0,0,14,2
25.36081240579994,53.68370097769447,1497.7813054030748,2,1,0,22.447435273143395,1,74.25802409708585,0,0,1,0,0,0,15,2
27.00329108718517,42.48058092868426,1662.2708858228275,9,0,0,15.60382901948072,0,76.35641844307433,0,0,0,0,0,1,16,2
25.07977843272399,35.181745842170564,1328.4834500934555,1,1,1,28.29048877474986,1,79.64349269579574,0,0,0,0,0,1,17,2
26.9734653221081,33.662502489250905,1470.134870099731,9,0,0,17.589348539279417,0,70.99655425851765,0,1,0,0,0,0,18,2
21.67601268674201,49.482006985845445,1020.9007636526152,1,1,1,28.05049477843959,1,82.10633650259106,0,1,0,0,0,0,19,2
27.65398675337267,41.17542627564731,1850.085514243539,9,1,0,28.89771309515332,0,88.26987975088674,0,0,0,0,0,0,20,2
23.828504016968417,34.256256696171626,1303.487056105144,8,1,1,20.999639676148497,1,83.56867192157476,0,0,0,0,0,0,21,2
29.903564462178142,42.49379180511441,1677.9136218745025,5,0,0,14.898544220515916,0,86.33804990538727,0,0,0,0,0,1,22,2
28.74811634559277,48.88802887246961,1999.982252131635,6,0,0,13.313382816696246,1,76.76750273188506,0,0,1,0,0,0,23,2
26.82476001718268,44.48031813277994,1639.724570090338,0,0,1,20.641684808058656,1,69.9896271416063,0,0,0,0,1,0,0,2
24.19147474386861,46.78944351916071,1391.9847052712926,7,0,1,11.095044355442802,0,71.83354857652225,0,0,0,0,1,0,1,2
22.09821551311827,40.97286588851042,1004.1106721274756,4,1,0,17.961627356124627,0,76.93341383494749,0,0,0,0,1,0,2,2
25.410412214272217,43.79639911927566,1988.4384742537827,7,1,1,3.2597693363069946,1,85.93800098311877,0,0,0,0,0,0,3,2
21.32140748698875,49.251736621172405,1456.1385824338056,0,1,1,8.356039601975668,0,73.76491766482671,0,0,0,0,0,0,4,2
24.893530032261168,39.76444687540037,1171.5737594666734,8,1,1,15.639256028306765,1,81.37491574540242,0,0,0,0,1,0,5,2
20.653431405073004,57.52867369752751,1887.513007658576,4,1,1,10.958254752783338,1,64.16044094043943,0,0,0,0,1,0,6,2
21.837071209294045,45.63981939993164,1256.9501747960044,7,0,1,23.30738659995327,0,70.64422480750918,0,0,0,0,1,0,7,2
22.6406030143219,34.750779081673684,1368.5683626497537,5,1,0,11.36764106181081,1,77.15619924801943,0,0,0,0,0,1,8,2
21.679493073725897,46.167242287300695,1780.3066293446427,0,1,1,22.638543444285222,1,67.00711451695811,0,0,0,0,1,0,9,2
25.83693571170494,39.91961121096827,1365.4896726643494,7,0,0,19.96532895019311,1,83.07131441497877,0,0,1,0,0,0,10,2
28.018438618136383,31.60700449943083,1848.9724778588425,7,0,0,22.58928110353544,0,87.40830975238782,0,0,0,0,0,0,11,2
25.081028599810693,31.3036983726147,1555.747609347873,3,0,0,5.219766711574074,1,81.38515480436469,0,0,0,0,0,0,12,2
27.4179999298565,54.111740651315685,1743.0002029003494,3,0,1,12.657589315179514,0,85.5562355803149,0,0,0,0,0,0,13,2
24.57506755574621,39.761963053597896,1229.593896179309,8,0,1,14.685280912135264,1,71.35978102574492,0,0,0,0,1,0,14,2
25.038166458222484,32.48298030680644,1591.257027840012,9,1,1,20.9690634320436,1,77.81280294078492,0,0,1,0,0,0,15,2
23.601095495763253,52.29507782175972,1502.5569065639888,5,0,0,11.974595751276588,0,74.0082941341654,0,0,0,1,0,0,16,2
21.391320811538275,49.70370718813669,1271.2872594610665,4,0,0,19.74087470274929,1,67.44994385267421,0,0,1,0,0,0,17,2
26.77268343388353,50.96743713647555,1077.00620400249,4,0,1,10.325075073215542,0,87.4288443887374,0,0,0,1,0,0,18,2
21.65418893720985,49.527989552853896,1404.676910189367,8,1,0,8.181562005938552,1,73.9448971603819,0,0,1,0,0,0,19,2
28.781031613039996,36.29830929818879,1153.793052885513,1,0,1,25.61280220282524,0,79.66377870761887,0,0,0,0,1,0,20,2
21.26410298335915,53.103580363326245,1950.1290995287943,3,1,1,23.58646429338986,0,67.04524826669969,0,0,0,0,0,1,21,2
24.64351696950702,35.28092919151077,1728.931521708931,5,0,1,27.9026485761266,0,75.14601170132461,0,0,1,0,0,0,22,2
23.158493441187083,40.15090339352811,1257.6919224180049,7,0,1,8.468757270257903,0,68.30644775131655,0,0,0,0,1,0,23,2
20.59433697464107,50.1157809876968,1359.4348978783328,0,0,0,24.28675850593919,0,77.43311988645691,0,0,0,0,0,0,0,2
28.04502233189848,47.54905792968442,1017.976144448651,3,0,1,28.68973155930708,1,85.27102849193884,0,1,0,0,0,0,1,2
22.236948227255542,31.936718481690114,1718.3469480680103,5,0,1,11.37711480912439,1,62.72987331802409,0,0,0,0,0,1,2,2
23.907819594491844,47.476990135833645,1377.2927621524923,4,1,0,7.063129999550439,0,73.6212367690306,0,0,0,0,1,0,3,2
29.169420553736146,48.93452836503485,1804.7730158722263,6,1,1,9.914354976847935,1,86.78020327168382,0,0,0,1,0,0,4,2
21.396571549628003,59.67847838025118,1130.632070668545,3,0,0,19.44168405422358,1,71.77578114103045,0,0,0,0,1,0,5,2
22.61967081650721,33.82695518301914,1508.4025646303537,6,1,1,27.15259877731821,0,74.63895632109018,0,0,0,0,0,1,6,2
21.990213727321173,58.50181954594241,1352.4896764251264,6,0,0,6.280063687241928,0,64.90307781558754,1,0,0,0,0,0,7,2
27.62188333313685,52.275173086352495,1853.9709234843283,8,0,0,12.005881178301712,1,93.63964381269945,0,1,0,0,0,0,8,2
28.732844166760707,44.17064781010821,1168.937032727146,9,1,0,4.099814704882318,0,83.29946207312125,0,1,0,0,0,0,9,2
26.656888694656885,54.16366826128619,1539.6716178861338,8,1,0,28.61894505469345,0,89.96406418213438,0,0,0,0,0,0,10,2
28.61938229823985,48.85015975547048,1080.0870002547076,5,0,0,21.194695663505343,0,82.30669218855468,0,1,0,0,0,0,11,2
23.836646783615127,47.25643549916791,1705.2351556419094,4,0,1,25.748176382384585,1,66.57731967729397,0,0,0,0,1,0,12,2
23.00534021561873,48.72050096631061,1320.2852808500302,6,0,1,0.2970785734303527,1,72.75347139283858,0,0,0,0,0,0,13,2
25.138364885205537,31.306459213751577,1309.0797189450536,3,1,0,20.425163131478826,1,76.95038939185675,0,0,0,1,0,0,14,2
23.051164865493256,42.615421327994746,1018.1406062822566,6,0,1,2.45565749760118,0,71.54531130791871,0,1,0,0,0,0,15,2
